EventDate,Platform,CustomerApiid
20210112,IOS,5eb045b00d281d0010993b19
20210112,IOS,5d54036d7a4e2a00129ac685
20210112,IOS,5f160ad08df61f00175d4a94
20210112,IOS,5e1f7e25a6a96a0010ee1545
20210112,IOS,5e66a9a9e7bbca00119eb5fc
20210112,IOS,587f52fa8d72add918f62a38
20210112,IOS,5a71c28d4e68a177834a82dd
20210112,IOS,59e208138610ac0555c879d7
20210112,IOS,5bf6b4248149ba000f9c616d
20210112,IOS,5fac36cd2b11830017d474f7
20210112,IOS,5d8f606c51ed2d0010c67d2f
20210112,IOS,5dfd9ca35e80f40010d75271
20210112,IOS,5c5d9b941cde25001090d76c
20210112,IOS,5ab82aee1bcc7d00147ce07e
20210112,IOS,5ebd831c3d379b0010dd1042
20210112,IOS,5bd738c4e4dd0c00194a54b4
20210112,IOS,5da1060781488900102cf391
20210112,IOS,5d3539bcec34170015e063fc
20210112,IOS,5d2bc7632b41d30010f2ae97
20210112,IOS,5ec82754b2b1a4001737bd24
20210112,IOS,5ed7e439fe2208001656f20c
20210112,IOS,5e8338917c4e2b0017fc6be9
20210112,IOS,5d8990b22a20fd0010478863
20210112,IOS,5dce2f02f49d470016946eb9
20210112,IOS,5db9f97c4816670010375eea
20210112,IOS,5c05f5db7eba3f000ff2001d
20210112,IOS,5cf5f1bddef06a00101d7464
20210112,IOS,5d648d73002bed0012416e99
20210112,IOS,5b5f356252b01e000fa7caec
20210112,IOS,5f73a220fdc71c0017faa093
20210112,IOS,5cac32f94837bf0011d91b00
20210112,IOS,5f1e1d68e040d300188addf2
20210112,IOS,5a1b2850ce6d0f51d188853c
20210112,IOS,59c14ac171238234a1b5837a
20210112,IOS,5c9bba96eca9e0001011884f
20210112,IOS,5df16deb2e5efe001059391d
20210112,IOS,5f564c3d8a70670017ab6be8
20210112,IOS,5f668c4bef649700188eafe3
20210112,IOS,5fb51a36a57587001ad66703
20210112,IOS,5ff1f506465dbd0018a67cf6
20210112,IOS,5f5ba8121cfac40017523a60
20210112,IOS,5ed53b31b4a5ec00106939ea
20210112,IOS,5f32bc926d9d80001173bd8d
20210112,IOS,5bc75c48142990000f963cc5
20210112,IOS,5fbd4c8d65f93600117bc416
20210112,IOS,5a20929957ddad52f8822d8f
20210112,IOS,5d93e5da755bbb001071a8a2
20210112,IOS,5e1b798f33bb300010592ff8
20210112,IOS,5e2c58270d602b0010545e6b
20210112,IOS,5fb700fd4400e60017b10f7e
20210112,IOS,5f3167219d1a9700175b4652
20210112,IOS,5f3ae7a785b2920017e98e1f
20210112,IOS,5b2ff4f8b5a5fd000f15262b
20210112,IOS,5edea72c681f8e0017f71c88
20210112,IOS,5d7d2c74fe125f0010786acd
20210112,IOS,5a5e51b1f7ca34264eaf2a49
20210112,IOS,5e4dbde798024200100d9dd6
20210112,IOS,5dcaaa4e6a86c300113efd2a
20210112,IOS,59b1f6acd663176e22c3fac1
20210112,IOS,5f8c9d550a48760012d3d6f5
20210112,IOS,5dbf55c4265c5f0011b611d8
20210112,IOS,5edaa8c70515a6001715ae7b
20210112,IOS,5f49067efbb15f0017f03181
20210112,IOS,5f2182adde7395001941770e
20210112,IOS,5dcdcac5f49d470016942aa5
20210112,IOS,5d161682591c120010158c99
20210112,IOS,5dacd80b0a0eb800103e6c63
20210112,IOS,5e824c935043510011b55f82
20210112,IOS,5faa3832374c890017bb9cf9
20210112,IOS,5b2d2918b5a5fd000f14b139
20210112,ANDROID,5f9c21ce9e60e000174c93d3
20210112,ANDROID,5db5dee6bfee84001017cc6a
20210112,ANDROID,5c3be77d67df5600100b7f3e
20210112,ANDROID,5a6e45904e68a1778348f36b
20210112,ANDROID,5dbc84c9775c33001046233a
20210112,ANDROID,5e383df8a27d850010109935
20210112,ANDROID,5ee44dc641c79800198b82ef
20210112,ANDROID,5f2d7e9a7103d2001774b486
20210112,ANDROID,5870353d5a9ec22c67ec2b62
20210112,ANDROID,5b62397127c1fe000fa1e8fb
20210112,ANDROID,5d42b8b731f7c200106b75d9
20210112,ANDROID,5cc0fed458088b0010c170e5
20210112,ANDROID,5fc99915ec12460010ddb6fa
20210112,ANDROID,5f0e3211e1c0a900109bd791
20210112,ANDROID,5daee8cebfee8400101458bc
20210112,ANDROID,5fb914f4c507310017581b40
20210112,ANDROID,5f57e476fd25ee00171a013b
20210112,ANDROID,5e74ea3e1289820011572709
20210112,ANDROID,5b847cad408647000eb0b059
20210112,ANDROID,5a33d863f3a1691d1f4db117
20210112,ANDROID,5d31c8adff94160010c95151
20210112,ANDROID,5beb77f148386e000f90581a
20210112,ANDROID,5f52f16832043d00171db882
20210112,IOS,5e54516c98024200100fcf5d
20210112,IOS,5e23ddeeb3e9690010fa56c3
20210112,IOS,5b32f19f35dc85000f0dab2f
20210112,IOS,5ef0b5188160db0017dcb2ce
20210112,IOS,5babe53334cc2b000f4922af
20210112,IOS,5ea1fbe5d1da590017a39dee
20210112,ANDROID,5ec055243d379b0010deb73c
20210112,ANDROID,5f0b7d6d70d328001786f2f5
20210112,ANDROID,5fdf10f877fa040017c16dfa
20210112,ANDROID,5be46d8b8a7571000ffe1b7d
20210112,ANDROID,5f93a0df2996b800109290db
20210112,ANDROID,5a2feb6df3a1691d1f4c5782
20210116,IOS,5d3fa3c576e61f00111cca4d
20210116,IOS,5d88b2b02a20fd001046c130
20210116,IOS,5f08f5e470d3280017861192
20210116,IOS,6001ed384f6d600018aabe78
20210116,IOS,5d2379ff7448e60011ec8720
20210116,IOS,5d8f606c51ed2d0010c67d2f
20210116,IOS,5f76a2bb10f41c0018a355c0
20210116,IOS,5c0b0da60d2eee000f0dabeb
20210116,IOS,5c9bba96eca9e0001011884f
20210116,IOS,5c8156439998770010955509
20210116,IOS,5a7daebb64a0993bb8a00ccc
20210116,IOS,5f492efefbb15f0017f042a6
20210116,IOS,5b8a7309513c6e000ff18364
20210116,IOS,598bdc9ebb75065019b856e9
20210116,IOS,5fb51a36a57587001ad66703
20210116,IOS,5ee4cde041c79800198b9aab
20210116,IOS,5d2e309a2b41d30010f3cb0d
20210116,IOS,5cb13cbdbfc3c500105a41c0
20210116,IOS,5faa9fb22929ca0017427368
20210116,IOS,5a66581b88bc556841a7f2be
20210116,IOS,5f7f7a55adc7b00010e1f047
20210116,IOS,5a32df51f3a1691d1f4d74e4
20210116,IOS,5ab82aee1bcc7d00147ce07e
20210116,IOS,5f309f5f9d1a9700175ae0d2
20210116,IOS,5d93e5da755bbb001071a8a2
20210116,IOS,5dcb4c3a6a86c300113f6b2f
20210116,IOS,5dbb9304775c33001045bc59
20210116,IOS,5d3539bcec34170015e063fc
20210116,IOS,5ed80261fe22080016570bfd
20210116,IOS,5d6982b8cec04b0010f08feb
20210116,IOS,5dc874f5d7e38d00100b43f2
20210116,IOS,5b689785370f08000fc9fa22
20210116,IOS,5b99cb06b0e71a000ecf6804
20210116,IOS,5acff999394f39000e400b8f
20210116,IOS,5fed012f465dbd0018a016ac
20210116,IOS,5cb7c206aa5b5600101d3b7e
20210116,IOS,5f19a9ace39be50018b3700c
20210116,IOS,5aa1d74c821aa6000fbd7d65
20210116,IOS,5f6d3539ff40d4001036f8f7
20210116,IOS,5d29d35a2b41d30010f1cc12
20210116,IOS,59e763717553e326946441d7
20210116,IOS,5d2eb2f72b41d30010f41e9b
20210116,IOS,5d894add2a20fd0010474c60
20210116,IOS,5f3167219d1a9700175b4652
20210116,IOS,5ebb35073d379b0010dbcc8a
20210116,IOS,5c43ce79de0ae10010ae4c3f
20210116,IOS,5dfb7b21d5473d00108a8343
20210116,IOS,5b14b1be9b768a000f935ecd
20210116,IOS,598d8512bb75065019b86bac
20210116,IOS,5bdc7016789956000f5db6dc
20210116,IOS,5faa3832374c890017bb9cf9
20210116,ANDROID,5ee44dc641c79800198b82ef
20210116,ANDROID,5e6bddd47d90bf0012a5c778
20210116,ANDROID,5c3be77d67df5600100b7f3e
20210116,ANDROID,5e48b1d814ee0500107195a9
20210116,ANDROID,58f8208fe5e79d8f340c342e
20210116,ANDROID,5e25be6cb3e9690010fb0b20
20210116,ANDROID,5e823a705043510011b55846
20210116,ANDROID,5f41ca20121e3700181e95e5
20210116,ANDROID,5f8e33508fffa00010c4d73b
20210116,IOS,5ced72f2fc51ab00117235d9
20210116,IOS,59f68bf47553e3269466d82b
20210116,IOS,5b915249144a58000e42ef67
20210116,ANDROID,5ca8a8528b27a800104c23a5
20210116,ANDROID,5f692278f444f700186289ef
20210116,ANDROID,5da745700a0eb800103bdec5
20210116,ANDROID,5fad66a3a85da000174cffd0
20210116,ANDROID,5d8edfee51ed2d0010c661b7
20210116,ANDROID,5c75db255786b5001112e56f
20210116,ANDROID,58641107d5113f8232f89634
20210116,ANDROID,5f6ce56bdb4b70001789eda2
20210116,ANDROID,5a66a2cc88bc556841a82582
20210116,ANDROID,5d20f22b7448e60011eb37fe
20210116,ANDROID,5ad528a50d6dc7000f3183c8
20210116,ANDROID,5ff6180951b5ea00178c28a2
20210116,ANDROID,5de7fcaca8bae200104df889
20210116,ANDROID,5da302f981488900102d7e09
20210116,ANDROID,5d80aa73fe125f00107a17b0
20210116,ANDROID,5b30c16ab5a5fd000f1554ec
20210116,ANDROID,5f9577222996b80010943948
20210116,ANDROID,5ecc63023cafbe0017982d27
20210116,ANDROID,5ff0da61465dbd0018a546a6
20210116,ANDROID,5aa7cece9a9ab1001022329b
20210116,ANDROID,5c2cdb66c019dc0010a7ead3
20210116,ANDROID,5a3bee6ff3a1691d1f504022
20210116,ANDROID,59ea64d87553e3269464f4d5
20210116,ANDROID,5ed2a709b4a5ec0010688da4
20210116,ANDROID,5ef8a596348a880017838b05
20210116,ANDROID,5e4d2ffd98024200100d50b1
20210116,ANDROID,5fe27e09413c7f00194b698f
20210116,ANDROID,5cf6a144def06a00101db45b
20210116,ANDROID,5b474438a3e5fb000ecc8135
20210116,ANDROID,5db4ff02bfee8400101783d9
20210116,ANDROID,59de7e788610ac0555c60968
20210116,ANDROID,589dd79b854dac9d0f1e39df
20210116,ANDROID,5a71dddc4e68a177834aa193
20210116,ANDROID,5dfade29d5473d00108a589f
20210116,ANDROID,5f4d753d08fe600017f7ff54
20210116,ANDROID,5b01a8717761be0010dfa548
20210116,ANDROID,5c77bcad151fa300103c589c
20210116,ANDROID,5fa857c4374c890017b76366
20210116,ANDROID,5dbc4ae8775c33001045fbf3
20210116,ANDROID,5877ad53b93e5a4001f74d4d
20210116,ANDROID,59a9b93b1388c5325659f08e
20210116,ANDROID,5b5fade344730800142e4726
20210116,ANDROID,5b30d251c448b700105475e9
20210116,ANDROID,5966c2483d3c271d31a9e3cd
20210116,ANDROID,5cad3071e887cd001065f1c9
20210116,ANDROID,5ed9c219f7a0a40017881f54
20210116,ANDROID,5dc190626ad10f00102be022
20210116,ANDROID,5f1b1ca2fac4700017b5d21e
20210116,ANDROID,58c87d3c6c83a43769c6a810
20210116,ANDROID,5df654c0cd93140010b5597c
20210116,ANDROID,5c42403ceb03810010549131
20210116,ANDROID,58a2ffb3b193192d2a664312
20210116,ANDROID,5f738754e2b9680018966874
20210116,ANDROID,5f086e4df39058001704429c
20210116,ANDROID,5d90c3dc51ed2d0010c71c04
20210116,ANDROID,5dee31f5e30510001049f5a4
20210116,ANDROID,59701656a975894be2fbc441
20210116,ANDROID,5f185823b6dd7e0017ebe807
20210116,ANDROID,5dd5fcab8c730e00111ffb08
20210116,ANDROID,5a0dbfdd9c341a1a2c519d3a
20210116,ANDROID,5ab12bfcc6a52e000ecec2ce
20210116,ANDROID,5a04709315a605790afe520c
20210116,ANDROID,5d9c01eab285f800106015c8
20210116,ANDROID,5da1c9e181488900102d295b
20210116,ANDROID,5fabb490c636a3001844b7dd
20210116,ANDROID,5d819b2e107e88001564230f
20210116,ANDROID,5df3de11cd93140010b47bcd
20210116,ANDROID,5dc9ff5a6a86c300113ec2c9
20210116,ANDROID,5fc0dfffc3bf790010d806dc
20210116,ANDROID,5e4fc64f98024200100e6363
20210116,ANDROID,5da1c52581488900102d2778
20210116,ANDROID,5b1e9e855411320014ab31b2
20210116,ANDROID,5d4c9f7c389c300010a83063
20210116,ANDROID,5a64d4cf26e0f653d9e08cbc
20210116,ANDROID,5e837739530a6c0017f57b37
20210116,ANDROID,5ed695cbb4a5ec00106a53a9
20210116,ANDROID,5f92f26176cacf00103aaa92
20210116,ANDROID,5e1347a8ccd237001a28f1f4
20210116,ANDROID,5c46ffe2a53f2e00107ea1ed
20210116,ANDROID,5e062b382e23270010d103ac
20210116,ANDROID,5b6895e4003873001017363d
20210116,ANDROID,5ef675b7348a88001782c4d6
20210116,ANDROID,5daee8cebfee8400101458bc
20210116,ANDROID,5f0f4ef8e1c0a900109c6432
20210116,ANDROID,5bc4bd737cfd05000f32325d
20210116,ANDROID,5d66885ecec04b0010eeab34
20210116,ANDROID,5ad9d6625c8218000f16d755
20210116,ANDROID,5a8aa76fd65fae5dcbb91e11
20210116,ANDROID,5f5c309465b3fe00189ea5ba
20210116,ANDROID,5e34f495a27d8500100f5454
20210116,ANDROID,5f1b6d7d6a260a0018f3cd3e
20210116,ANDROID,5d52e0f20757a40010543bb8
20210116,ANDROID,5fdfeadc77fa040017c27621
20210116,ANDROID,5d7c2294fe125f001078002c
20210116,ANDROID,5a3e425f9021ac3f32858cce
20210116,ANDROID,5f1708c4e3db180017229677
20210116,ANDROID,5d9a609d7cc9070013b3c797
20210116,ANDROID,5eb33ad49c56e40010ae3509
20210116,ANDROID,5fc516227734810010ef4fa2
20210116,ANDROID,5c6ebae438ec08001177fa3d
20210116,ANDROID,5f0e3bf6e1c0a900109bdf96
20210116,ANDROID,5d6e7091cec04b0010f3a5bf
20210116,ANDROID,5f905eadb7a2650018143c81
20210116,ANDROID,5d432c7431f7c200106bd2f3
20210116,ANDROID,5ab4264f467e3e00107eef97
20210116,ANDROID,5cfc568d540f77001a01c8fa
20210116,ANDROID,5f2d78537103d2001774b0c1
20210116,ANDROID,5f5130d2768e7a0017be2f5b
20210116,ANDROID,5f1710f3e3db18001722a32e
20210116,ANDROID,5d928a1956862700103307b5
20210116,ANDROID,5b152f6a9b768a000f937804
20210116,ANDROID,5c6ae28179b50100102426f2
20210116,ANDROID,5e3256b77d646000118ea628
20210116,ANDROID,5b51fa451ba8fa00107e8dce
20210116,ANDROID,5d50c48d0757a40010531a01
20210116,ANDROID,5dac88470a0eb800103e32a5
20210116,ANDROID,5e42d81b14ee0500106ef998
20210116,ANDROID,5d990fe47cc9070013b35e66
20210116,ANDROID,5f511e93a9f41200172f6526
20210116,ANDROID,6000967a875bdb001705a1ac
20210116,ANDROID,5972a4262cb7d96621de1af6
20210116,ANDROID,5ca4ee3717a7e5001085b690
20210116,ANDROID,5fbd132f65f93600117ad502
20210116,ANDROID,5a04e00915a605790affa72f
20210116,ANDROID,5e72371201598c0011cab9de
20210116,ANDROID,5eac2e0f0d281d001096fbd3
20210116,ANDROID,5ab1408dc6a52e000eceefd4
20210116,ANDROID,5cf58b12520b6f00107620aa
20210116,ANDROID,5cf85e99c0789a00109e900e
20210116,ANDROID,5d35cf1cec34170015e094d1
20210116,ANDROID,5f2bfcbb7103d2001773a3af
20210116,ANDROID,5f2eb77a9d1a9700175a230f
20210116,ANDROID,5f8dac754c45c80010155a5b
20210116,ANDROID,5882a8b28d72add918f6af32
20210116,ANDROID,5f5b9230590b6000176c3b1e
20210116,ANDROID,5fc04d2e9e7dc00010cb5cf1
20210116,ANDROID,598735a58649f637bf13c01e
20210116,ANDROID,5e592678949a390010623302
20210116,ANDROID,5cbb1efa9159c80010fe9923
20210116,ANDROID,5f0bab1270d3280017870814
20210116,ANDROID,5cb527f8bfc3c500105b37e0
20210116,ANDROID,5b74d7aef52ad0001087e7ba
20210116,ANDROID,5b4d305d4c3100001075a858
20210116,ANDROID,595104c0cecc145e1393b577
20210116,ANDROID,5ee7ea0ae5e4610011ae694a
20210116,ANDROID,5ff0b0ed465dbd0018a4f9b8
20210116,ANDROID,5e47dac014ee0500107146f9
20210116,ANDROID,5c4b33fe0e3a070010c2cec6
20210116,ANDROID,5ffd99d07e12e30017c7795d
20210116,ANDROID,5e273c4253620b00112a417b
20210116,ANDROID,5c8fe86e35c0c600101aa562
20210116,ANDROID,5fb9b350c50731001758ff66
20210116,ANDROID,5d2b6c652b41d30010f27214
20210116,ANDROID,5d0faf482e4ef6001596c76a
20210116,ANDROID,5fc92ac179457e0011c1c59d
20210116,ANDROID,5d708839fb6ddb0016358f39
20210116,ANDROID,5e669293e7bbca00119ea4fc
20210116,ANDROID,5fa91fa522c9500019ec1102
20210116,ANDROID,5fe1cb6a66334f001894d701
20210116,ANDROID,5e2f5b3b0d602b0010558848
20210116,ANDROID,5e95afec8ffa9100179574a9
20210116,ANDROID,5c1e96cd367883000fe817c5
20210116,ANDROID,5e7e331f5043510011b3af39
20210116,ANDROID,5df69f4fcd93140010b57e10
20210116,ANDROID,5deac098e30510001048f312
20210116,ANDROID,5f288c0694fb630010d5e6e7
20210116,ANDROID,5cec0d06fc51ab001171880b
20210116,ANDROID,5963c7383d3c271d31a9a59a
20210116,ANDROID,5f78b00c10f41c0018a39bc0
20210116,ANDROID,589cf757854dac9d0f1e2c3e
20210116,ANDROID,5e49468e14ee05001071acc4
20210116,ANDROID,59965ced2000a209bf4b1aae
20210116,ANDROID,5fbbd5364400e60017b863dc
20210116,ANDROID,5d1e0ea8db6a34001057cab3
20210116,ANDROID,5c77fe8172281f00108eab53
20210116,ANDROID,5b0845e869a78f001225d692
20210116,ANDROID,5f6010847fe8740010685402
20210116,ANDROID,5a86e547cc7f115241ca2dee
20210116,ANDROID,5e1faf0ea6a96a0010ee37ae
20210116,ANDROID,59c65bfec1556d54af8d4bec
20210116,ANDROID,5aedd51ad9253e000e380980
20210116,ANDROID,6000d8f5f9a96d001838d945
20210116,ANDROID,5b8740c9d345ed000ed4a55c
20210116,ANDROID,59779111ad57cd674dea7faf
20210116,ANDROID,5bbcd4ab7cfd05000f2f9f90
20210116,ANDROID,5f7b735ce8aedd00177d95cf
20210116,ANDROID,5e18843b33bb300010582736
20210116,ANDROID,5f36909165819c00109aa6ab
20210116,ANDROID,5bf60be54f53f0000f6925d7
20210116,ANDROID,5b1e44c15411320014ab0fad
20210116,ANDROID,5cd5b185ce28cc001032dd75
20210116,ANDROID,5b0aea0f69a78f0012263720
20210116,ANDROID,5e48b24814ee0500107195c0
20210116,ANDROID,5f43bfc8ae6a6e00171deaf1
20210116,ANDROID,5b5d003952b01e000fa7643a
20210116,ANDROID,5c75b42e5786b5001112bcae
20210116,ANDROID,5bae0c1b34cc2b000f49ddec
20210116,ANDROID,589c9938854dac9d0f1e21da
20210116,ANDROID,5f3137b19d1a9700175b0f21
20210116,ANDROID,5fa4d8b222c9500019e65c3a
20210116,ANDROID,5d55b0f72ec676001017adfc
20210116,ANDROID,5eed30018160db0017db2ca2
20210116,ANDROID,5b038df88d2711000f1d8a0a
20210116,ANDROID,5d9698dfc2db4d00110dd64e
20210116,ANDROID,5df7a874cd93140010b5ea94
20210116,ANDROID,5b7f053b408647000eafba46
20210116,ANDROID,5f087786f390580017044a81
20210116,ANDROID,5b55efabbf3fe6000fb2c9c3
20210116,ANDROID,5b2ef3b7b5a5fd000f150481
20210116,ANDROID,5b843350408647000eb09b18
20210116,ANDROID,5d52f7410757a40010544dba
20210116,ANDROID,5c8849776e4c1e00100e9946
20210116,ANDROID,5aff5cb269a78f001223a63e
20210116,ANDROID,5ea9e5ce95d58c001947a509
20210116,ANDROID,5a901f340b0ff96793e205ae
20210116,ANDROID,5b22e99230c0ec0010c66fc2
20210116,ANDROID,5ee05407ad88b600175cf957
20210116,ANDROID,5ea77c5eb8169700197961aa
20210116,ANDROID,5fc961e9ec12460010dd2e5b
20210116,ANDROID,5acbc3d411aafb000ed238c2
20210116,ANDROID,5ca93a478076570010d13dfd
20210116,ANDROID,5f93ab9b76cacf00103c7270
20210116,ANDROID,5f2c45087103d2001773ed53
20210116,ANDROID,5f32b7c66d9d80001173bb6d
20210116,ANDROID,5e1ddcfd33bb3000105a6520
20210116,ANDROID,5c1798a04b4ca4000f5481af
20210116,ANDROID,5f24b11394fb630010d422c1
20210116,ANDROID,5aaa999c9a9ab1001023142a
20210116,ANDROID,5cf7f8e6c0789a00109e48cb
20210116,ANDROID,5f5fc3f4cdd6db0019d1f5c1
20210116,ANDROID,59c86363c1556d54af8d6a51
20210116,ANDROID,5efdf63e34ed8d00179c5e4a
20210116,ANDROID,5e65c38ce7bbca00119e38b4
20210116,ANDROID,5a861d7664edd45306c4d413
20210116,ANDROID,5bfd302ec04ff2000f406035
20210116,ANDROID,5a04f00415a605790affcf2e
20210116,ANDROID,5b061f0c69a78f0012256998
20210116,ANDROID,5e5ace47949a390010630427
20210116,ANDROID,594ac8da2cbda542d6dbe12c
20210116,ANDROID,5fd22e764339820017f9670b
20210116,ANDROID,6001eb4f6c1f7200187ccc57
20210116,ANDROID,5ee18ad041c79800198a384c
20210116,ANDROID,5d9dc981b285f8001060f65b
20210116,ANDROID,5f88d45cced0bd0011746387
20210116,ANDROID,5ae08f5f5c8218000f17bc8a
20210116,ANDROID,5fef15a9465dbd0018a2ced1
20210116,ANDROID,5ff97244c9a1120010be39ab
20210116,ANDROID,5f0cebeb95e19100131470bc
20210116,ANDROID,5ff31564465dbd0018a84a51
20210116,ANDROID,5d796f63fe125f0010767dfe
20210116,ANDROID,5ff676b364a8f80018e68518
20210116,ANDROID,5ed51a99b4a5ec0010691734
20210116,ANDROID,5ffb095ac9a1120010c08022
20210116,ANDROID,5df4d2a3cd93140010b4d0ef
20210116,ANDROID,5feb4637cab82500191b972d
20210116,ANDROID,5e1f59bb8423b30010912f82
20210116,ANDROID,59259a6fd9eaf5b360cb9d89
20210116,ANDROID,5e25f37db3e9690010fb324c
20210116,ANDROID,5f469f213c2f2b001775d2c1
20210116,ANDROID,5a3bf406f3a1691d1f5043d5
20210116,ANDROID,5af875ff1ed07b001320345f
20210116,ANDROID,5f58ae296f29e70017b8fe17
20210116,ANDROID,5d0a553ba5f6ae00106a2fcf
20210116,ANDROID,5f32826d022eb20010a1b375
20210116,ANDROID,5fc3f80d12f75d00100e48c1
20210116,ANDROID,5f46ccda3b1801001c843af5
20210116,ANDROID,5f0fdf5f607f580018c966a6
20210116,ANDROID,5e73abfcee0b4c0011315716
20210116,ANDROID,58efb3a58d85538d235ebb8a
20210116,ANDROID,5fef4cacba911d0017275429
20210116,ANDROID,5cdaa25855c499001085d4e6
20210116,ANDROID,5c575d959052bb00105dea2d
20210116,ANDROID,5bf1cb1b84fe5500109a0bcb
20210116,ANDROID,5ffc5f738cf7ef0017ae92ff
20210116,ANDROID,5a56e10b16fc204e4a76e32f
20210116,ANDROID,5c4a3ffc6413e8001088bfaf
20210116,ANDROID,5c98e606eca9e00010100e02
20210116,ANDROID,5e59427f949a390010624a5f
20210116,ANDROID,5ef9e5fd348a880017840362
20210116,ANDROID,5fae9884ce7d0c0010d5d1e3
20210116,ANDROID,5d78f4a1fe125f0010761dc8
20210116,ANDROID,600088e7f9a96d001837c559
20210116,ANDROID,5f5ea69e65b3fe00189ef1a8
20210116,ANDROID,5cff95a894b0730011f2570c
20210116,ANDROID,5ff14532465dbd0018a5da12
20210116,ANDROID,5d8fdaf551ed2d0010c6c920
20210116,ANDROID,5a22029857ddad52f8829cb1
20210116,ANDROID,5d4ca35f0757a4001050d85f
20210116,ANDROID,5f89bc8caedf320011e797e7
20210116,ANDROID,5c729ce15786b500110ff385
20210116,ANDROID,5e5964d5949a3900106266aa
20210116,ANDROID,5ab41e7b4e315a00100698b6
20210116,ANDROID,5fc980da41ae2200107e6c6f
20210116,ANDROID,5fd3da57ac5be600100a7475
20210116,ANDROID,5ce1fab48e8d7e0011af136c
20210116,ANDROID,5fa4067fde17c800176acc09
20210116,ANDROID,5c6c9ea979b501001025d076
20210116,ANDROID,5aff344f69a78f0012239cb3
20210116,ANDROID,5cefd956fc51ab001173be04
20210116,ANDROID,5f02ab7bacc9d00018dcc07b
20210116,ANDROID,5a03680415a605790af9086a
20210116,ANDROID,5c72f9305786b50011103d22
20210116,ANDROID,5e97a4cd8ffa91001796ac82
20210116,ANDROID,5d35d7cfec34170015e09c79
20210116,ANDROID,5f2d923eac225f0017ca4278
20210116,ANDROID,5f3ecac6e066f70010241327
20210116,ANDROID,5f8f6d328fffa00010c7c8ab
20210116,ANDROID,5bf0d61784fe55001099ccfe
20210116,ANDROID,5e17f24a33bb30001057f8e1
20210116,ANDROID,5f997bdc20706f00100ec356
20210116,ANDROID,5f47c0f488b97b00186b5e6d
20210116,ANDROID,5beb179e8c55a0000f06b90d
20210116,ANDROID,5e8a7d425445fa001091a784
20210116,ANDROID,5dc8945ca6f5d60012ed86f8
20210116,ANDROID,5dee8cf4e3051000104a34d9
20210116,ANDROID,5b34067135dc85000f0ddd7e
20210116,ANDROID,5fae7aacfd8f2000105d78ab
20210116,ANDROID,5a3478e7f3a1691d1f4decde
20210116,ANDROID,5f341709ce3d9200175eae68
20210116,ANDROID,5efcf9ee5ebb810010394683
20210116,ANDROID,5ec150433d379b0010df17ae
20210116,ANDROID,5a0893d8dea2e51b5435e074
20210116,ANDROID,5f4be0413d03300017979c2d
20210116,ANDROID,5dd4baecca52c2001070d774
20210116,ANDROID,59c59a32a758183f4d4a65bc
20210116,ANDROID,5dad10690a0eb800103e952c
20210116,ANDROID,5ffe357369c73b0018e42a31
20210116,ANDROID,5f20b27ade7395001941346f
20210116,ANDROID,59f91384ce33bc479733e049
20210116,ANDROID,5f44346d3b1801001c836682
20210116,ANDROID,5ff7bff87e402000105ef648
20210116,ANDROID,5e3f547eb40a800010dffa91
20210116,ANDROID,5e83f97a7c4e2b0017fcc8ac
20210116,ANDROID,5b0820c38d2711000f1ecfe3
20210116,ANDROID,5f726c1dba24c60017e9b21a
20210116,ANDROID,5d13bf4ef71a7c00103c6461
20210116,ANDROID,5f50f329bac12f0017e483cb
20210116,ANDROID,5fa9371b22c9500019ec5a0e
20210116,ANDROID,5ff636c864a8f80018e5d118
20210116,ANDROID,5be46d8b8a7571000ffe1b7d
20210116,ANDROID,5ae48de3d9253e000e361e3c
20210116,ANDROID,5bbc0695e30ec6000f4db0b2
20210116,ANDROID,5d5d9d23c3579f00131939ae
20210116,ANDROID,5f91c3b076cacf001037f199
20210116,ANDROID,5ee408be41c79800198b7166
20210116,ANDROID,5e94e3b40b8bb90017e519e3
20210116,ANDROID,5ee16a0041c79800198a17ca
20210116,ANDROID,5ff481d0789660001833a19a
20210116,ANDROID,5ff7ab94d10e940011009f89
20210116,ANDROID,5e38a83ca27d85001010f4ed
20210116,ANDROID,5a4bdd7616fc204e4a72630f
20210116,ANDROID,5e0533db2e23270010d0a6ad
20210116,ANDROID,5d97539bc2db4d00110e18f3
20210116,ANDROID,5da20a8f81488900102d40e5
20210116,ANDROID,5e2ac67153620b00112c2215
20210116,ANDROID,5f5385d18a70670017ab094e
20210116,ANDROID,5cd9c82f55c4990010859881
20210116,ANDROID,5f67fe14ef649700188edf84
20210116,ANDROID,5ef546000f268100174c210d
20210116,ANDROID,5b5fa50952b01e000fa7efd3
20210116,ANDROID,5b206ecf30c0ec0010c5bdf8
20210116,ANDROID,5ef62a9e8beae000112e085e
20210116,ANDROID,5fc6835991453e0010b4c949
20210116,ANDROID,5fca3ed641ae2200107fbca0
20210116,ANDROID,5bddfeaf789956000f5e2b90
20210116,ANDROID,5b46bd323ed8a000142187cf
20210116,ANDROID,5d06db7f90b267001a657233
20210116,ANDROID,5f1db215e040d300188aba56
20210116,ANDROID,5dacde100a0eb800103e7162
20210116,ANDROID,595e427ae6adb205ba49f71e
20210116,ANDROID,5a10cc897a8a36330861e83a
20210116,ANDROID,5fc6c119b85777001532abce
20210116,ANDROID,5ff7c3bfd10e94001100d7a9
20210116,ANDROID,5fd77ef4ac5be600100f19e2
20210116,ANDROID,5fff33fcbaf0ef0018ccf643
20210116,ANDROID,5f2c386a7103d2001773dce0
20210116,ANDROID,5fd38c484339820017fcfa13
20210116,ANDROID,5f561fd832043d00171e22e2
20210116,ANDROID,5e00dda55e80f40010d841e6
20210116,ANDROID,5b5df85772fa83000e613407
20210116,ANDROID,5e3bf61eb40a800010de00e8
20210116,ANDROID,5e5a50a2949a39001062cbbf
20210116,ANDROID,5f1f180f38296300178306b4
20210116,ANDROID,5a778913c62b5f1c0d47c563
20210116,ANDROID,5fa16b1a6eae540018eaa1b1
20210116,ANDROID,5b6842ff8a1b5100103c7276
20210116,ANDROID,5e5eb831e7bbca00119b4269
20210116,ANDROID,5f28b0aa62191600178f28cb
20210116,ANDROID,5ef384830f268100174b0812
20210116,ANDROID,59dbb0b04bd2220c57fa3e3d
20210116,ANDROID,5e41aae461004a0014919ce0
20210116,ANDROID,5d0dd159833d4300105cda8c
20210116,ANDROID,5af9d5ce8d2711000f1b79bd
20210116,ANDROID,5f5113cda9f41200172f5f56
20210116,ANDROID,5febd89232cd1000105a0165
20210116,ANDROID,5b86efcd7899f70011141157
20210116,ANDROID,5963e5763d3c271d31a9a8c4
20210116,ANDROID,5e12a48d0794910010bcac1f
20210116,ANDROID,5e54f0c398024200100ffafc
20210116,ANDROID,587e228a8d72add918f60bb7
20210116,ANDROID,597cae77ad57cd674deb4e8d
20210116,ANDROID,5ff5bc7fc1615f0018a3a96e
20210116,ANDROID,5759807599a1d25942c928db
20210116,ANDROID,5b251bd75411320014acf15a
20210116,ANDROID,5f57e476fd25ee00171a013b
20210116,ANDROID,5cbfb07958088b0010c0bb66
20210116,ANDROID,5d51fe1f0757a4001053cf27
20210116,ANDROID,5b4683eb849258000e174231
20210116,ANDROID,5fbbb538c5073100175b455a
20210116,ANDROID,5e0373975e80f40010d8fec5
20210116,ANDROID,5bd2625f2ba6f70010c0a45f
20210116,ANDROID,5d0c6394833d4300105c3f9f
20210116,ANDROID,5db8697c16a20000101f6ba0
20210116,ANDROID,5cc44b8ba098960010ab913a
20210116,ANDROID,5e049a605e80f40010d95b4e
20210116,ANDROID,58b38d761bef5ca4278529a8
20210116,ANDROID,58e83d73c1b38f2904ce6f28
20210116,ANDROID,57f142d0320b00586029b540
20210116,ANDROID,5edef016681f8e0017f781f7
20210116,ANDROID,5f39392065819c00109b49ec
20210116,ANDROID,5df848f7cd93140010b65982
20210116,ANDROID,5eb1b8b282190d001797a48a
20210116,ANDROID,5fb914f4c507310017581b40
20210116,ANDROID,5cca1afed445cf00105cec42
20210116,ANDROID,5e6a7bd67d90bf0012a52668
20210116,ANDROID,5dfe92bd5e80f40010d79027
20210116,ANDROID,5c98faadeca9e00010101c19
20210116,ANDROID,5d361a08ec34170015e0c9fb
20210116,ANDROID,586fc7bd5a9ec22c67ec1806
20210116,ANDROID,5bde97ff789956000f5e5235
20210116,ANDROID,5ed2ab8cb4a5ec0010688ec9
20210116,ANDROID,5a665a7a88bc556841a7f444
20210116,ANDROID,5d00f8b6ef43390010279d36
20210116,ANDROID,5f590a7a6f29e70017b922f8
20210116,ANDROID,5ee62c09e5e4610011ad748d
20210116,ANDROID,5ab1cf7f5b9df7000f8c0521
20210116,ANDROID,5fc9a4d841ae2200107eb56b
20210116,ANDROID,59d4d3dd4bd2220c57f822aa
20210116,ANDROID,5f19dd236d18840018a46a39
20210116,ANDROID,5bf0fca184fe55001099d342
20210116,ANDROID,5b72eaeb94c9b9000e0c9625
20210116,ANDROID,5ed4240bb4a5ec001068d631
20210116,ANDROID,5a3935eaf3a1691d1f4f0a3a
20210116,ANDROID,5a037dd015a605790afa2804
20210116,ANDROID,5f4faa78000319001cbc1832
20210116,ANDROID,5e1524d005211f001069d729
20210116,ANDROID,5fb572482e832f0017835ef4
20210116,ANDROID,5afe1ff48d2711000f1c6c7e
20210116,ANDROID,5a1372644563d231e1b16981
20210116,ANDROID,5d9e2855e3be0b00119280e8
20210116,ANDROID,5a043b9515a605790afd57eb
20210116,ANDROID,5d4d761c0757a400105138e7
20210116,ANDROID,5e7f19eb5043510011b40bb8
20210116,ANDROID,5efba2b75ebb810010389072
20210116,ANDROID,5dc89b12a6f5d60012ed8a03
20210116,ANDROID,5c3790d3db04aa00105d42ac
20210116,ANDROID,5fcfb9f25811570010aa40e9
20210116,ANDROID,5b324a9ec55624001023e404
20210116,ANDROID,5ed7d666fe2208001656e0c1
20210116,ANDROID,5f0b7dfa70d328001786f36a
20210116,ANDROID,5e068c1d2e23270010d1382e
20210116,ANDROID,5e74ea3e1289820011572709
20210116,ANDROID,5f1b8bc3e040d300188a2aeb
20210116,ANDROID,5e6bd3fd7d90bf0012a5c280
20210116,ANDROID,5f72263bba24c60017e8b27c
20210116,ANDROID,5ec7be703ba63d00191f0305
20210116,ANDROID,574f2a4299a1d25942c8bf32
20210116,ANDROID,59a0591e252b19338264fc76
20210116,ANDROID,5e3c83bbb40a800010de8536
20210116,ANDROID,59135a0023d4b188169249e6
20210116,ANDROID,5e0e26482e23270010d3a197
20210116,ANDROID,5d329d6dff94160010c9d2e5
20210116,ANDROID,5d63fdea002bed0012410851
20210116,ANDROID,5b0ee1629b768a000f926cb2
20210116,ANDROID,588b2acb3ab59b744a69fc3c
20210116,ANDROID,5fc8dd388957690010186f4b
20210116,ANDROID,5e8a0dd95445fa001091908f
20210116,ANDROID,583c2045227ea5ac7fc1174e
20210116,ANDROID,5cbc8b799159c80010fef644
20210116,ANDROID,5f8dc31e4c45c8001015aa5f
20210116,ANDROID,5eb1fa1b82190d001797cf47
20210116,ANDROID,5c6844c079b501001021f26a
20210116,ANDROID,5f8dde334c45c80010160683
20210116,ANDROID,5d3dec24866e43001370bdc7
20210116,ANDROID,58b0e8a279ecef3a12add13c
20210116,ANDROID,5ed02d2e3cafbe00179a14da
20210116,ANDROID,5d13ba8bf71a7c00103c6116
20210116,ANDROID,5f71d8bb7b274a00173797c7
20210116,ANDROID,59a7efca59d98d4a2eba664f
20210116,ANDROID,5f01df97acc9d00018dc5420
20210116,ANDROID,5dc227dc9964bc0010f1606a
20210116,ANDROID,5d324163ff94160010c9a212
20210116,ANDROID,5c18e5e476869a000f2271c7
20210116,ANDROID,5ec315653d379b0010e04611
20210116,ANDROID,5d76fa8ffe125f0010750958
20210116,ANDROID,59dfb7c48610ac0555c76974
20210116,ANDROID,5de172f7cc30aa001034f1df
20210116,ANDROID,5db20467bfee840010161026
20210116,ANDROID,5f09112870d3280017861d7d
20210116,ANDROID,5d6fba993bffe200103654b5
20210116,ANDROID,5dd0098cf49d470016950c07
20210116,ANDROID,5d473c1931f7c200106d4627
20210116,ANDROID,5ba52d04f710eb00196b9b3f
20210116,ANDROID,5f13148c8df61f00175c304f
20210116,ANDROID,5a2feb6df3a1691d1f4c5782
20210116,ANDROID,5f26a4dc94fb630010d4db2b
20210116,ANDROID,5fdb3e707f224b001787d2ea
20210116,ANDROID,5de054a09cf6f2001017ab71
20210116,ANDROID,5c4906076413e8001087ad0c
20210116,ANDROID,5b56045fbf3fe6000fb2d291
20210116,ANDROID,5c2f5e168e0e9f00110dee3b
20210116,ANDROID,5ff883c17e4020001060ba89
20210116,ANDROID,5ec055243d379b0010deb73c
20210116,ANDROID,5f54cc1832043d00171df11b
20210116,ANDROID,5ce47d105d575e001053f38f
20210116,ANDROID,5d4499e331f7c200106c82c1
20210116,ANDROID,5f99ef0c20706f0010102387
20210116,ANDROID,5aed10a32f5817000fe93519
20210116,ANDROID,5e1360080794910010bcfb32
20210116,ANDROID,5fca171dec12460010de2d6c
20210116,ANDROID,5f5ac1d06e599200173a0e97
20210116,ANDROID,5eb990cd9c56e40010b1ce55
20210116,ANDROID,5f5516a632043d00171dfc06
20210116,ANDROID,5e067cd52e23270010d13168
20210116,ANDROID,5b337d76217bf2000f100ff5
20210116,ANDROID,5c4f3eac0e3a070010c4a3ce
20210116,ANDROID,5f0b7d6d70d328001786f2f5
20210116,ANDROID,5b801e54e5c68100112cdb23
20210116,ANDROID,5c2d5288c019dc0010a84062
20210116,ANDROID,598083a79f9f2929b07cd8de
20210116,ANDROID,5dcb19866a86c300113f4cf3
20210116,ANDROID,59cf84c6814b2c6b44248b3c
20210116,ANDROID,5b847cad408647000eb0b059
20210116,ANDROID,5f79e32011f7df0017fe62fa
20210116,ANDROID,5ef8de39348a88001783a595
20210116,ANDROID,5e5064e198024200100eb137
20210116,ANDROID,5f4a890b3d03300017976ba2
20210116,ANDROID,5ea602f4b81697001978a108
20210116,ANDROID,5ca60db63ef2a300100b7cce
20210116,ANDROID,5fd78547ac5be600100f338a
20210116,ANDROID,5e333fbe7d646000118f1d40
20210116,ANDROID,5f52a41f8a70670017aaece3
20210116,ANDROID,5fb53654eb42c40019a51db4
20210116,ANDROID,5ab7d8c61bcc7d00147cc117
20210116,ANDROID,5b372e42b8048e000eb87b65
20210116,ANDROID,5b7c4b8f408647000eaf2163
20210116,ANDROID,5d7a9370fe125f0010771cbd
20210116,ANDROID,5d50c88d0757a40010531dce
20210116,ANDROID,5f9f36a29f8e990017fdd98a
20210116,ANDROID,5fc3033f7734810010ec4139
20210116,ANDROID,5e99ff0902f50e001051f265
20210116,ANDROID,5a74dc8f991ff11ae7948dad
20210116,ANDROID,5a273b3a369b2c7c9b18b9a0
20210116,ANDROID,5cc08c5258088b0010c11bf4
20210116,ANDROID,5d6e649bcec04b0010f39c37
20210116,ANDROID,5d956e9bc2db4d00110d47b3
20210116,ANDROID,5d94e331c2db4d00110ce179
20210116,ANDROID,5a7084d04e68a1778349db89
20210116,ANDROID,5df4c49dcd93140010b4cdcd
20210116,ANDROID,5e4de97f98024200100db0f2
20210116,ANDROID,5eea419287be6b0016815197
20210116,ANDROID,5f8f3e588fffa00010c73c4b
20210116,ANDROID,5e5984ca949a3900106280cc
20210116,ANDROID,5e2742e153620b00112a47d0
20210116,ANDROID,5b97f752646443000e6ba096
20210116,ANDROID,5af860661ed07b001320251a
20210116,ANDROID,5a5fde50f7ca34264eb0c617
20210116,ANDROID,5e0e4d742e23270010d3c99b
20210116,ANDROID,5a0e0f02dea2e51b5438ef8a
20210116,ANDROID,5bdc413edabafd000f5a8e14
20210116,ANDROID,5f0e0f66e1c0a900109bc60d
20210116,ANDROID,5fcf850d3c6ef100103de174
20210116,ANDROID,5c8d470335c0c6001018fcab
20210116,ANDROID,5dd2db09f49d47001696256d
20210116,ANDROID,5a54c2c216fc204e4a75eccb
20210116,ANDROID,5f0744f1f39058001703bd6f
20210116,ANDROID,5fb25a36bf22650010fdd2a6
20210116,ANDROID,5efcea7d5ebb810010393c6c
20210116,ANDROID,5e35dc76a27d8500100f95b4
20210116,ANDROID,5ec1c1373d379b0010df6d3c
20210116,ANDROID,5b28ebb2553229000f847bf8
20210116,ANDROID,5ff64ec164a8f80018e6258f
20210116,ANDROID,5db7aa1f16a20000101f1adf
20210116,ANDROID,5bacc45e34cc2b000f4967c9
20210116,ANDROID,5e0216da5e80f40010d8af77
20210116,ANDROID,5be1da79789956000f5f7df1
20210116,ANDROID,5c630583ade72500100bc769
20210116,ANDROID,5f56767c8a70670017ab7590
20210116,ANDROID,5f1c9c2be040d300188a6fa1
20210116,ANDROID,5aa2b8fb821aa6000fbdb211
20210116,ANDROID,5ac968e5621dd10012493925
20210116,ANDROID,5d8a4e9bb5067e00114f2513
20210116,ANDROID,5f94569176cacf00103d2240
20210116,ANDROID,5c1e654e367883000fe80462
20210116,ANDROID,5ff6885d51b5ea00178d9ee7
20210116,ANDROID,5f088b56f390580017045d64
20210116,ANDROID,5fee9746ba911d001726b721
20210116,ANDROID,5e1b1b9b33bb30001059091c
20210116,ANDROID,5e1be1b333bb300010596341
20210116,ANDROID,582f2949195b23b54d1d061e
20210116,ANDROID,5ace43f89f798e000fe5325a
20210116,ANDROID,5f8841264bff830011156ebe
20210116,ANDROID,5eac29ca0d281d001096f9d1
20210116,ANDROID,5feb20504d88ca001975eb6b
20210116,ANDROID,5e48c3d314ee050010719a7e
20210116,ANDROID,5cd379d80e843000104fde23
20210116,ANDROID,5e5b8dbf949a390010633c3e
20210116,ANDROID,5c90e88d35c0c600101b49af
20210116,ANDROID,5db304e6bfee840010168252
20210116,ANDROID,585bf07c84a09f6e757e745e
20210116,ANDROID,586e2ad851af09a4420c7280
20210116,ANDROID,5d8599902a20fd0010451de0
20210116,ANDROID,5fe506214d88ca00196cdc75
20210116,ANDROID,5e67866d22c11c00111d6b63
20210116,ANDROID,5978898bad57cd674dea9819
20210116,ANDROID,5f86dd892da31b00128ee4a6
20210116,ANDROID,5f8f3a50c894ee0010313c57
20210116,ANDROID,5b3780c5b8048e000eb88133
20210116,ANDROID,58adfec59ef0fc964a81e704
20210116,ANDROID,5e0f6a4a2e23270010d45d00
20210116,ANDROID,5ecbea71c6ae4700173c60fa
20210116,ANDROID,59a56a1432b42b3ad8b6df34
20210116,ANDROID,5ff5fae56517e90017bf2531
20210116,ANDROID,5f2815c194fb630010d574ce
20210116,ANDROID,5a58baa9f7ca34264eaacbad
20210116,ANDROID,5af969371ed07b0013207b30
20210116,ANDROID,5de57b9262ccf1001024deab
20210116,ANDROID,5fef2facba911d0017271d8b
20210116,ANDROID,5dd3c76b42f8ef0010eff9b1
20210116,ANDROID,5d973dacc2db4d00110e0b21
20210116,ANDROID,5ec2c6663d379b0010dff1b1
20210116,ANDROID,59e761667553e3269464411a
20210116,ANDROID,5ec2ed863d379b0010e027cf
20210116,ANDROID,5f7bf8bb3bcf3e001044a423
20210116,ANDROID,5da3ca0181488900102ddc7e
20210116,ANDROID,5e20facdb3e9690010f9308f
20210116,ANDROID,5e5af832949a390010631646
20210116,ANDROID,5dd54deb93fa890010e48b87
20210116,ANDROID,5de66bd46477ec0010ea7f39
20210116,ANDROID,5d98fe877cc9070013b356e6
20210116,ANDROID,5fef44c8ba911d00172745b7
20210116,ANDROID,5ecbfc3bc6ae4700173c79d8
20210116,ANDROID,5f4eccff78cd7100176e38bb
20210116,ANDROID,5d8976522a20fd0010477598
20210116,ANDROID,5eefc6ec8160db0017dc4ccf
20210116,ANDROID,5e132d610794910010bccef7
20210116,ANDROID,5f0f837c607f580018c94814
20210116,ANDROID,5ff19b66ba911d00172a1b5f
20210116,ANDROID,5e12415e0794910010bc7638
20210116,ANDROID,5e10c80d0794910010bbf241
20210116,ANDROID,5ab2c306428b91000e663816
20210116,ANDROID,5af5125f1ed07b00131fafb0
20210116,ANDROID,5f3192349d1a9700175b7784
20210116,ANDROID,5f256be194fb630010d45e6e
20210116,ANDROID,5d646e10aa5450001a95d9e2
20210116,ANDROID,5b1538489b768a000f93814e
20210116,ANDROID,5f16277146b464001804574f
20210116,ANDROID,5a274842f0d7547ce22da5e2
20210116,ANDROID,5f5577fc32043d00171e1200
20210116,ANDROID,59e4bfa139c39916bff6bce9
20210116,ANDROID,5cee81b1fc51ab001172a85b
20210116,ANDROID,5bbe20d17cfd05000f301d24
20210116,ANDROID,5f3052f89d1a9700175aba42
20210116,ANDROID,58482605c6f7b6703f2a2c73
20210116,ANDROID,5bf222ac84fe5500109a324c
20210116,ANDROID,5f03b4ad1fef680017c53fd1
20210116,ANDROID,5ad0576f0d6dc7000f309055
20210116,ANDROID,5af375ebc0d9ef000f6e2c90
20210116,ANDROID,5d23bd5b7448e60011ecb849
20210116,ANDROID,5f256ea594fb630010d4602d
20210116,ANDROID,5ac22286195010000f768206
20210116,ANDROID,5ecafba0c345510017a5e9fc
20210116,ANDROID,5f7101b82bd4fa00171cf5c8
20210116,ANDROID,5c00e386f64ccc000f39f81d
20210116,ANDROID,5d31c8adff94160010c95151
20210116,ANDROID,5a33d863f3a1691d1f4db117
20210116,ANDROID,5e6fb8241bf9590011aad743
20210116,ANDROID,5d0f27512e4ef60015969651
20210116,ANDROID,5aa284c4821aa6000fbd9888
20210116,ANDROID,5d4ef0870757a4001051f7cd
20210116,ANDROID,5e501df298024200100e913f
20210116,ANDROID,59550222f0a2a26ee208870d
20210116,ANDROID,598f3858bb75065019b8835e
20210116,ANDROID,5f1d3f89e040d300188a99ef
20210116,ANDROID,5dc3585d9964bc0010f220d2
20210116,ANDROID,5f69f234a95b840010cc5d62
20210116,ANDROID,5eb774549c56e40010b0cb1c
20210116,ANDROID,5a98329afe77f4000ebb5f82
20210116,ANDROID,5d750548fe125f0010738661
20210116,ANDROID,5f77353c11f7df0017fa3a33
20210116,ANDROID,5ae7c0d2d9253e000e36b22f
20210116,ANDROID,5d406c9476e61f00111d3dfd
20210116,ANDROID,5f4bb0f23d0330001797940b
20210116,ANDROID,5fa9cb1c22c9500019eef5bc
20210116,ANDROID,5a4ed8ae16fc204e4a73e658
20210116,ANDROID,5a3078faf3a1691d1f4ca9f0
20210116,ANDROID,5d5588922ec6760010178f9a
20210116,ANDROID,5e0e8aaf2e23270010d3f7f2
20210116,ANDROID,5a05a80a15a605790a007805
20210116,ANDROID,5bdb382fe4dd0c00194bc321
20210116,ANDROID,5f1644941eb88300171df8f9
20210116,ANDROID,5f887c556e6a990017c82cbd
20210116,ANDROID,5ff1ac63ba911d00172a27eb
20210116,ANDROID,5d544adeeaadff0010bf436e
20210116,ANDROID,5fca290341ae2200107f54e6
20210116,ANDROID,5d4ffdcc0757a40010527926
20210116,ANDROID,5d37cf85ec34170015e1bf86
20210116,ANDROID,5862b9c8d5113f8232f88f12
20210116,ANDROID,5fecf89bba911d0017242481
20210116,ANDROID,5e00984a5e80f40010d81d9e
20210116,ANDROID,5a6b544788bc556841aa4cdf
20210116,ANDROID,5b183c9e2e8f91001047ff68
20210116,ANDROID,5f231df094fb630010d35c7b
20210116,ANDROID,5d045a5d90b267001a647c63
20210116,ANDROID,5f432d06dcc1180017b6ffb3
20210116,ANDROID,5f164e34416ad40017114ceb
20210116,ANDROID,5af0987b2f5817000fe9ce84
20210116,ANDROID,5dd6bc718c730e00112043f6
20210116,ANDROID,5d763ce2fe125f00107464d9
20210116,ANDROID,5c2b3f6ec019dc0010a755da
20210116,ANDROID,5a0045e015a605790af82050
20210116,ANDROID,5d9b61907cc9070013b4332d
20210116,ANDROID,5dd7eca38c730e001120ccba
20210116,ANDROID,5afcb6b469a78f0012231ce5
20210116,ANDROID,5d7a35affe125f001076d079
20210116,ANDROID,5fec7ab6cd395700100551fd
20210116,ANDROID,5c92e28509b0ab0010190cd2
20210116,ANDROID,5fec700c32cd1000105ab4eb
20210116,ANDROID,5d2347f57448e60011ec6328
20210116,ANDROID,5f52f16832043d00171db882
20210116,ANDROID,5f40b184121e3700181e48ea
20210116,ANDROID,5fdf965d3b5626001779eed5
20210116,ANDROID,5f18a289e39be50018b2cbd6
20210116,ANDROID,5b19ecf678665f000f5218d7
20210116,ANDROID,5f8868944bff830011157bc0
20210116,ANDROID,5a6aeb7a88bc556841a9c4d8
20210116,ANDROID,5a03780815a605790af9e7df
20210116,ANDROID,5db07377bfee840010154698
20210116,ANDROID,5d95efccc2db4d00110d672c
20210116,ANDROID,5a1ef17957ddad52f881995d
20210116,ANDROID,5c34924846f44d0010eba51d
20210116,ANDROID,5d058ea190b267001a65019f
20210116,ANDROID,5f05abeea288eb001da27b1d
20210116,ANDROID,59d30b634bd2220c57f7eff5
20210116,ANDROID,59dee1bd8610ac0555c6d9ee
20210116,ANDROID,5fdd69b73b5626001777890c
20210116,ANDROID,5f3553bf65819c00109a5668
20210116,ANDROID,5f961c0f2996b80010950840
20210116,ANDROID,5fdcc66b15e8b200170c99e5
20210116,ANDROID,5dc396579964bc0010f24c04
20210116,ANDROID,5dd968008c730e0011216a2d
20210116,ANDROID,5efa41da348a880017844c37
20210116,ANDROID,5ffdcd8d03db520017d723d8
20210116,ANDROID,5fb3dfc25cc1270018f4e3ff
20210116,ANDROID,5f97511376cacf001041ced3
20210116,ANDROID,5d7a51d3fe125f001076e5bb
20210116,ANDROID,5fe35bea413c7f00194d05e7
20210116,ANDROID,59bc29f2a115245b7cd3322e
20210116,ANDROID,5e373861a27d8500101022e6
20210116,ANDROID,5ee92cab8665a90010ed2289
20210116,ANDROID,5f6cd21e6366aa00177986c5
20210116,ANDROID,5bc108b87cfd05000f3143a9
20210116,ANDROID,5fe148b10068ff00176053b6
20210116,ANDROID,5b6d968f94c9b9000e0b95af
20210116,ANDROID,5e8a080e5445fa0010918fbd
20210116,ANDROID,5fad1d69a85da000174be3ad
20210116,ANDROID,5e206a23a6a96a0010ee7bc3
20210116,ANDROID,5ddbc97a8c730e0011222a29
20210116,ANDROID,5838e38c227ea5ac7fc112f2
20210116,ANDROID,5cc4fcb2a098960010abdf3b
20210116,ANDROID,57dd3224320b00586029346e
20210116,ANDROID,5b9c9905646443000e6c8919
20210116,ANDROID,5b1ebccd30c0ec0010c550ec
20210116,ANDROID,5ee54dbb41c79800198bd379
20210116,ANDROID,5d2f0a4d2b41d30010f42d1e
20210116,ANDROID,5f6f1b426134b100172f9f14
20210116,ANDROID,5addeb3a5c8218000f17534d
20210116,ANDROID,5e2760c553620b00112a6055
20210116,ANDROID,5b4b4d5a849258000e1bf2ab
20210116,ANDROID,5fba83404400e60017b63310
20210116,ANDROID,5ba159f885cd1a000f107cf7
20210116,ANDROID,5ef7a9a5348a880017833536
20210116,ANDROID,5b57e708214be00012b77a8d
20210116,ANDROID,5a424a6416fc204e4a6f99ba
20210116,ANDROID,5dc16ce76ad10f00102bbc7a
20210116,ANDROID,5bdd121c789956000f5df5ff
20210116,ANDROID,5d8565e82a20fd001044ff0e
20210116,ANDROID,5a1eb044ce6d0f51d19180d3
20210116,ANDROID,58fe0907f368bc9b5698a4f0
20210116,ANDROID,5c007f11f64ccc000f39e01c
20210116,ANDROID,5ef3bce50f268100174b31a6
20210116,ANDROID,5af984481ed07b001320814e
20210116,ANDROID,5e70b07a99c8e00011265bce
20210116,ANDROID,5eac5a240d281d0010971133
20210116,ANDROID,5d8119a0fe125f00107a7180
20210116,ANDROID,5f50de00bac12f0017e47842
20210116,ANDROID,5dc9e13ea6f5d60012ee2e10
20210116,ANDROID,5eaad57495d58c001947fd82
20210116,ANDROID,5d95674ec2db4d00110d43e3
20210116,ANDROID,5f64f83bdb49400017f1f8d8
20210116,ANDROID,5f4585ec3c2f2b001775822a
20210116,ANDROID,5c362d77db04aa00105ca34f
20210116,ANDROID,5d711032fb6ddb001635bb6b
20210116,ANDROID,5f7e1c99adc7b00010e1b9e3
20210116,ANDROID,5b6e5f9e94c9b9000e0bcc21
20210116,ANDROID,5f4cdbe33d0330001797d4b1
20210116,ANDROID,5aaa80dc9a9ab10010230b4b
20210116,ANDROID,5f1972a3e39be50018b3472c
20210116,ANDROID,5e7e3a685043510011b3b5e6
20210116,ANDROID,5bef5d4e84fe5500109972f8
20210116,ANDROID,5de962b2a8bae200104ea814
20210116,ANDROID,5e29c9b453620b00112ba1ea
20210116,ANDROID,5b3028c1b5a5fd000f1536ba
20210116,ANDROID,5bc8ad3e21c0e1000f193f73
20210116,ANDROID,5f8e06f3c894ee00102e2a05
20210116,ANDROID,5b3509c6c556240010248d8c
20210116,ANDROID,5a5cccbdf7ca34264eaca8b6
20210116,ANDROID,5d0a2ff0a5f6ae00106a10b7
20210116,ANDROID,5ecc4332c6ae4700173ca543
20210116,ANDROID,5f3be27bc05e290017b81987
20210116,ANDROID,5ffdb78e3e73d0001841e409
20210116,ANDROID,5cae7615a2e7170011275b83
20210116,ANDROID,5f172befe3db18001722c70e
20210116,ANDROID,5f550a0432043d00171dfa37
20210116,ANDROID,5ba6917156ba1e000f0660b3
20210116,ANDROID,5a68ff2e88bc556841a919ed
20210116,ANDROID,5b1b3a4f41f934000e1d0b1d
20210116,ANDROID,5e2723a753620b00112a2b39
20210116,ANDROID,5b0390498d2711000f1d8b8f
20210116,ANDROID,5b57b1ca2ff849000fce3e5a
20210116,ANDROID,5dc099c6265c5f0011b6a84a
20210116,ANDROID,5a517e9f16fc204e4a74d0c0
