Id,Direction,Amount,CustomerId,OperatedAt
456538,10,200.000000000000000000,64319,"2021-05-03 09:40:42"
475487,20,108.820000000000000000,98336,"2021-05-11 00:00:00"
623919,10,1000.000000000000000000,129337,"2021-01-19 12:32:37"
664611,10,1.000000000000000000,2443,"2021-06-09 13:57:21"
670787,10,100.000000000000000000,73726,"2021-05-27 09:52:18"
702071,10,500.000000000000000000,133617,"2021-05-28 17:10:04"
736743,10,100.000000000000000000,135008,"2021-04-12 13:59:07"
738858,10,500.000000000000000000,47863,"2021-06-14 11:01:33"
740851,10,200.000000000000000000,4588,"2021-02-01 14:51:29"
750216,10,1.000000000000000000,74663,"2021-01-13 11:41:40"
750217,10,1.000000000000000000,74663,"2021-01-13 12:06:25"
773303,10,100.000000000000000000,77903,"2021-03-18 11:25:21"
821637,10,10000.000000000000000000,116320,"2021-02-12 12:47:05"
843281,10,500.000000000000000000,22189,"2021-01-18 09:53:04"
847474,10,200.000000000000000000,139780,"2021-04-13 11:06:06"
853099,10,100.000000000000000000,141487,"2021-03-04 16:54:35"
855233,10,100.000000000000000000,61993,"2021-03-22 10:46:58"
855843,10,5000.000000000000000000,97632,"2021-05-05 15:36:37"
872178,10,2000.000000000000000000,140891,"2021-02-19 17:41:31"
876387,10,400.000000000000000000,147569,"2021-03-15 13:36:58"
877915,10,100.000000000000000000,135008,"2021-04-15 11:50:55"
883543,10,50000.000000000000000000,147391,"2021-03-09 15:26:47"
890573,10,100.000000000000000000,148346,"2021-05-31 19:26:18"
903257,10,2500.000000000000000000,108764,"2021-02-24 13:45:44"
940711,10,300.000000000000000000,132037,"2021-02-01 11:02:11"
954639,10,1000.000000000000000000,149563,"2021-01-18 10:23:23"
962038,10,100.000000000000000000,135553,"2021-03-19 13:36:11"
968239,10,500.000000000000000000,115070,"2021-02-09 17:13:47"
979555,10,100.000000000000000000,21367,"2021-01-13 10:05:35"
982259,10,300.000000000000000000,146335,"2021-02-24 17:02:32"
999321,10,200.000000000000000000,153226,"2021-04-20 09:36:42"
1008105,10,500.000000000000000000,150562,"2021-02-17 09:52:13"
1021503,10,3000.000000000000000000,152074,"2021-02-08 10:16:45"
1034323,10,2000.000000000000000000,106382,"2021-06-01 12:49:14"
1047172,10,50000.000000000000000000,5593,"2021-01-12 13:30:40"
1049427,10,1000.000000000000000000,148581,"2021-02-04 13:00:54"
1052514,20,987.890000000000000000,80912,"2021-01-13 13:11:48"
1052523,20,987.890000000000000000,80912,"2021-02-15 11:59:52"
1052524,20,987.890000000000000000,80912,"2021-03-15 12:00:10"
1052529,20,987.890000000000000000,80912,"2021-04-13 11:59:31"
1052538,20,987.890000000000000000,80912,"2021-05-13 12:00:11"
1052540,20,987.890000000000000000,80912,"2021-06-14 11:59:09"
1062651,10,100.000000000000000000,153673,"2021-01-07 16:16:38"
1074325,10,100.000000000000000000,137001,"2021-03-01 17:35:18"
1074424,20,1630.000000000000000000,80707,"2021-01-19 11:58:53"
1074738,10,2000.000000000000000000,81183,"2021-03-09 11:32:23"
1077228,20,488.830000000000000000,9425,"2021-01-05 12:57:15"
1099585,10,5000.000000000000000000,156883,"2021-07-02 17:06:33"
1104109,10,1.000000000000000000,134895,"2021-02-03 15:29:09"
1109952,10,20000.000000000000000000,118899,"2021-02-17 18:53:23"
1117513,10,100.000000000000000000,122274,"2021-02-26 09:58:55"
1123543,10,100.000000000000000000,13787,"2021-01-04 18:33:45"
1125376,10,250.000000000000000000,21680,"2021-01-04 10:19:22"
1127726,20,264.710000000000000000,111744,"2021-01-20 11:59:46"
1129440,10,500.000000000000000000,66007,"2021-01-06 15:07:34"
1131106,10,3000.000000000000000000,158161,"2021-01-06 16:12:49"
1132397,10,10000.000000000000000000,158397,"2021-01-20 12:56:40"
1133323,10,1000.000000000000000000,99588,"2021-01-04 15:42:46"
1146191,10,1000.000000000000000000,158542,"2021-01-07 09:31:30"
1146389,20,807.860000000000000000,51305,"2021-01-05 12:57:31"
1146390,20,133.160000000000000000,51305,"2021-01-05 12:57:34"
1146559,10,100.000000000000000000,79002,"2021-01-04 00:00:00"
1148822,10,350.000000000000000000,83464,"2021-01-11 19:21:05"
1149982,10,500.000000000000000000,150521,"2021-01-04 12:35:40"
1150238,10,1200.000000000000000000,154468,"2021-01-04 10:09:21"
1150678,10,250.000000000000000000,49538,"2021-01-05 14:21:52"
1151138,10,500.000000000000000000,45595,"2021-01-15 13:12:30"
1154598,10,2001.000000000000000000,117256,"2021-01-06 12:20:42"
1154606,10,3557.000000000000000000,117256,"2021-01-06 12:20:37"
1154681,20,209.000000000000000000,80912,"2021-01-11 11:59:25"
1155529,10,100.000000000000000000,141593,"2021-01-14 11:03:18"
1155609,10,100.000000000000000000,136510,"2021-01-04 19:39:48"
1157764,10,100.000000000000000000,157823,"2021-01-05 09:54:24"
1157771,10,100.000000000000000000,157823,"2021-01-05 09:54:24"
1157774,10,100.000000000000000000,157823,"2021-01-05 09:54:25"
1158520,10,100.000000000000000000,52609,"2021-01-07 10:18:28"
1159541,10,1.000000000000000000,159622,"2021-01-06 18:55:08"
1159569,20,2387.420000000000000000,111744,"2021-01-05 12:57:37"
1159611,10,100.000000000000000000,154031,"2021-01-14 17:01:19"
1160760,20,1114.000000000000000000,80912,"2021-01-08 12:00:00"
1161599,10,50.000000000000000000,144087,"2021-01-20 10:03:55"
1162183,20,128.950000000000000000,109901,"2021-01-11 11:59:30"
1162716,10,109.000000000000000000,158679,"2021-01-15 16:36:32"
1163233,20,49.700000000000000000,111744,"2021-03-05 12:00:02"
1163238,20,49.700000000000000000,111744,"2021-04-05 11:59:49"
1163239,20,49.700000000000000000,111744,"2021-05-05 11:59:15"
1163240,20,49.700000000000000000,111744,"2021-06-07 11:59:40"
1163242,20,49.700000000000000000,111744,"2021-07-05 11:58:43"
1163357,10,55.000000000000000000,159235,"2021-01-13 14:40:08"
1164134,10,2000.000000000000000000,139202,"2021-01-29 17:05:58"
1164846,10,425.000000000000000000,117084,"2021-01-05 11:47:06"
1166473,10,431.510000000000000000,124587,"2021-01-07 00:00:00"
1167167,10,150.000000000000000000,153545,"2021-01-15 19:08:55"
1167404,10,100.000000000000000000,158831,"2021-01-11 10:10:57"
1167725,20,2459.720000000000000000,80912,"2021-01-07 11:59:46"
1168094,10,1000.000000000000000000,135195,"2021-01-04 11:04:41"
1168210,10,500.000000000000000000,147400,"2021-01-11 11:05:59"
1168212,10,1000.000000000000000000,147400,"2021-01-11 11:05:59"
1168613,10,1000.000000000000000000,107002,"2021-01-06 17:53:58"
1169328,10,100.000000000000000000,93369,"2021-07-12 19:31:45"
1170367,10,669.000000000000000000,136298,"2021-01-04 00:00:00"
1170643,10,500.000000000000000000,144776,"2021-01-14 09:58:57"
1170996,10,1000.000000000000000000,23799,"2021-01-06 16:27:18"
1172733,10,50000.000000000000000000,115301,"2021-01-06 16:23:03"
1174409,10,100.000000000000000000,110158,"2021-01-04 10:14:51"
1174539,10,2400.000000000000000000,52824,"2021-01-07 10:30:49"
1174898,10,100.000000000000000000,73430,"2021-01-11 18:19:58"
1175253,10,150.000000000000000000,160033,"2021-01-04 00:00:00"
1175692,10,25.000000000000000000,160195,"2021-01-04 11:18:40"
1176103,10,100.000000000000000000,147510,"2021-01-06 19:49:30"
1176492,10,3000.000000000000000000,73375,"2021-01-19 12:14:55"
1176516,10,1639.070000000000000000,71121,"2021-01-04 00:00:00"
1176964,10,36.470000000000000000,158497,"2021-01-11 19:36:51"
1177055,10,100.000000000000000000,153893,"2021-01-07 14:30:26"
1177958,10,2000.000000000000000000,61972,"2021-01-04 00:00:00"
1178023,10,36.470000000000000000,158497,"2021-01-11 19:36:51"
1178043,10,1000.000000000000000000,22837,"2021-02-08 15:25:03"
1178083,10,28.000000000000000000,158497,"2021-01-04 16:58:33"
1178225,10,180.000000000000000000,132091,"2021-01-04 00:00:00"
1178442,10,500.000000000000000000,152243,"2021-01-15 17:45:06"
1178453,10,100.000000000000000000,83765,"2021-01-04 00:00:00"
1178488,10,35000.000000000000000000,128776,"2021-01-15 17:05:00"
1179476,10,200.000000000000000000,21880,"2021-01-12 19:56:52"
1180094,10,1000.000000000000000000,46172,"2021-01-22 17:19:54"
1181072,10,100.000000000000000000,160362,"2021-01-08 13:55:56"
1181109,10,100.000000000000000000,160362,"2021-01-08 13:55:56"
1181115,10,120.000000000000000000,160362,"2021-01-08 13:55:56"
1181139,10,5000.000000000000000000,138056,"2021-01-11 19:03:35"
1181147,10,120.000000000000000000,160362,"2021-01-08 13:55:57"
1181214,10,120.000000000000000000,160362,"2021-01-08 13:55:57"
1181275,10,200.000000000000000000,160302,"2021-01-04 00:00:00"
1181489,10,400.000000000000000000,64255,"2021-01-04 00:00:00"
1181599,10,2500.000000000000000000,160219,"2021-01-05 09:32:36"
1181600,20,442.950000000000000000,60472,"2021-01-11 11:59:39"
1181765,10,1.200000000000000000,160362,"2021-01-08 13:55:57"
1181878,10,120.000000000000000000,160362,"2021-01-08 13:55:57"
1181944,10,120.000000000000000000,160362,"2021-01-08 13:55:57"
1182188,10,600.000000000000000000,143017,"2021-01-04 00:00:00"
1183073,10,239.900000000000000000,51929,"2021-01-04 00:00:00"
1183475,10,120.000000000000000000,113870,"2021-01-07 00:00:00"
1183703,10,150.000000000000000000,160440,"2021-01-05 21:24:59"
1184652,10,111.250000000000000000,36817,"2021-01-08 00:00:00"
1184660,10,150.000000000000000000,125158,"2021-01-05 09:47:06"
1184824,10,200.000000000000000000,153101,"2021-01-01 00:12:56"
1184863,10,800.000000000000000000,139612,"2021-01-04 00:00:00"
1184869,10,120.000000000000000000,160362,"2021-01-08 13:55:58"
1185034,20,430.570000000000000000,33500,"2021-01-11 11:59:48"
1185035,20,838.980000000000000000,33500,"2021-01-05 12:57:41"
1185073,10,100.000000000000000000,139843,"2021-01-04 00:00:00"
1185127,10,142.700000000000000000,81374,"2021-01-04 00:00:00"
1185168,20,1050.790000000000000000,51305,"2021-01-04 11:59:46"
1185299,10,100.000000000000000000,134382,"2021-03-08 10:41:08"
1185423,10,1000.000000000000000000,124290,"2021-01-05 17:39:45"
1185443,10,203.150000000000000000,143480,"2021-01-04 00:00:00"
1185547,10,3000.000000000000000000,136932,"2021-01-04 00:00:00"
1185601,10,500.000000000000000000,42811,"2021-01-07 00:00:00"
1185621,10,150.000000000000000000,65206,"2021-01-04 00:00:00"
1185650,10,600.000000000000000000,69620,"2021-01-07 00:00:00"
1185679,10,200.000000000000000000,160474,"2021-04-30 18:42:31"
1185797,10,63.390000000000000000,126979,"2021-01-21 14:00:30"
1185802,10,70.000000000000000000,126979,"2021-01-21 16:47:14"
1185822,10,2700.000000000000000000,127785,"2021-01-07 00:00:00"
1185898,10,500.000000000000000000,121058,"2021-01-07 00:00:00"
1185902,10,100.000000000000000000,102550,"2021-01-04 00:00:00"
1185905,10,50.000000000000000000,72807,"2021-01-05 21:20:53"
1185950,10,2000.000000000000000000,31391,"2021-01-07 00:00:00"
1185971,10,2869.290000000000000000,78027,"2021-01-05 21:14:06"
1186161,10,3000.000000000000000000,45943,"2021-01-07 00:00:00"
1186173,10,100.000000000000000000,36381,"2021-01-04 00:00:00"
1186182,10,150.000000000000000000,133655,"2021-01-26 13:35:12"
1186246,10,1000.000000000000000000,21379,"2021-01-04 00:00:00"
1186795,10,300.000000000000000000,134290,"2021-01-07 00:00:00"
1187254,10,500.000000000000000000,59175,"2021-01-11 11:02:09"
1187492,10,300.000000000000000000,74288,"2021-01-04 00:00:00"
1187551,10,1000.000000000000000000,155813,"2021-01-14 18:21:53"
1187686,10,100.000000000000000000,160323,"2021-01-05 17:36:52"
1187740,10,1000.000000000000000000,23912,"2021-01-07 00:00:00"
1188031,10,200.000000000000000000,21880,"2021-01-12 19:56:53"
1188322,10,3724.440000000000000000,135579,"2021-01-05 21:06:42"
1188757,10,100.000000000000000000,79401,"2021-01-07 00:00:00"
1188874,10,1200.000000000000000000,102577,"2021-01-07 00:00:00"
1189178,10,500.000000000000000000,39900,"2021-01-22 14:28:43"
1189280,10,2000.000000000000000000,158827,"2021-01-07 15:54:31"
1189284,10,100.000000000000000000,125251,"2021-01-04 00:00:00"
1189325,20,50000.000000000000000000,82264,"2021-01-26 12:23:34"
1189429,10,10.000000000000000000,156832,"2021-01-05 17:30:14"
1189643,10,1200.000000000000000000,55461,"2021-01-04 00:00:00"
1189883,10,100.000000000000000000,79299,"2021-01-08 00:00:00"
1189941,10,500.000000000000000000,160350,"2021-01-19 13:12:16"
1190145,10,750.000000000000000000,143097,"2021-01-04 00:00:00"
1190558,10,100.000000000000000000,160555,"2021-01-04 10:37:58"
1190617,10,130.000000000000000000,96836,"2021-01-07 00:00:00"
1190628,10,100.000000000000000000,96836,"2021-01-07 00:00:00"
1190693,10,170.000000000000000000,96836,"2021-01-07 00:00:00"
1190695,10,100.000000000000000000,130113,"2021-01-05 10:08:43"
1190705,10,300.000000000000000000,96836,"2021-01-07 00:00:00"
1190724,10,15000.000000000000000000,96836,"2021-01-07 00:00:00"
1190738,10,300.000000000000000000,96836,"2021-01-07 00:00:00"
1190828,10,2000.000000000000000000,119416,"2021-01-07 00:00:00"
1190874,20,6190.806786945300000000,108842,"2021-01-04 11:59:46"
1190910,10,500.000000000000000000,92330,"2021-01-04 00:00:00"
1190926,10,830.000000000000000000,73123,"2021-01-04 00:00:00"
1191172,20,157940.024804717300000000,146883,"2021-01-04 11:59:49"
1191180,10,1000.000000000000000000,146051,"2021-01-04 00:00:00"
1191237,10,10000.000000000000000000,65500,"2021-02-04 18:41:04"
1191266,10,300.000000000000000000,63258,"2021-01-04 00:00:00"
1191436,10,100.000000000000000000,135345,"2021-01-07 00:00:00"
1191460,20,5220.170000000000000000,4327,"2021-01-05 12:57:45"
1191477,10,150.000000000000000000,60426,"2021-01-04 11:08:39"
1191532,10,1500.000000000000000000,141276,"2021-01-04 00:00:00"
1191535,10,300.000000000000000000,33517,"2021-01-04 00:00:00"
1191566,10,600.000000000000000000,15089,"2021-01-04 00:00:00"
1191615,10,100.000000000000000000,69323,"2021-01-07 00:00:00"
1191618,10,500.000000000000000000,69323,"2021-01-07 00:00:00"
1191625,10,200.000000000000000000,24209,"2021-01-04 00:00:00"
1191637,10,150.000000000000000000,115842,"2021-01-04 00:00:00"
1191638,10,880.000000000000000000,27177,"2021-01-04 00:00:00"
1191673,10,110.000000000000000000,42748,"2021-01-04 11:33:36"
1191683,10,300.000000000000000000,147955,"2021-01-04 00:00:00"
1191689,10,1000.000000000000000000,58683,"2021-01-04 00:00:00"
1191715,10,111.060000000000000000,9301,"2021-01-04 00:00:00"
1191748,10,305.970000000000000000,149161,"2021-01-01 00:13:49"
1191781,10,5692.890000000000000000,116644,"2021-01-04 00:00:00"
1191821,10,2000.000000000000000000,113082,"2021-01-04 00:00:00"
1191822,10,650.000000000000000000,67136,"2021-01-04 00:00:00"
1191836,10,300.000000000000000000,35944,"2021-01-04 00:00:00"
1191839,10,1100.000000000000000000,87088,"2021-01-04 00:00:00"
1191918,10,300.000000000000000000,125953,"2021-01-04 00:00:00"
1192020,10,10000.000000000000000000,94103,"2021-01-04 00:00:00"
1192059,10,1000.000000000000000000,65633,"2021-01-04 00:00:00"
1192063,10,2000.000000000000000000,85726,"2021-01-04 00:00:00"
1192077,10,400.000000000000000000,85726,"2021-01-04 00:00:00"
1192092,10,150.000000000000000000,81174,"2021-01-04 00:00:00"
1192174,10,100.000000000000000000,73428,"2021-01-04 00:00:00"
1192216,10,2000.000000000000000000,153214,"2021-01-04 00:00:00"
1192281,10,200.000000000000000000,147536,"2021-01-04 00:00:00"
1192293,10,500.000000000000000000,89544,"2021-01-11 10:16:49"
1192333,10,1000.000000000000000000,117717,"2021-01-04 00:00:00"
1192358,10,350.000000000000000000,155831,"2021-01-04 00:00:00"
1192362,10,328.000000000000000000,155831,"2021-01-04 00:00:00"
1192406,10,100.000000000000000000,8168,"2021-01-06 21:03:03"
1192427,10,10000.000000000000000000,3271,"2021-01-04 00:00:00"
1192452,10,400.000000000000000000,94519,"2021-01-04 00:00:00"
1192628,10,400.000000000000000000,130977,"2021-01-04 00:00:00"
1192653,10,500.000000000000000000,92330,"2021-01-04 00:00:00"
1192714,10,280.000000000000000000,104323,"2021-01-04 00:00:00"
1192742,10,2000.000000000000000000,65106,"2021-01-04 00:00:00"
1192784,10,800.000000000000000000,159152,"2021-01-06 21:02:13"
1192791,10,900.000000000000000000,151636,"2021-01-04 00:00:00"
1192800,10,2500.000000000000000000,97847,"2021-01-04 00:00:00"
1192801,10,300.000000000000000000,137585,"2021-01-04 00:00:00"
1192857,10,1000.000000000000000000,153405,"2021-01-04 00:00:00"
1192885,10,200.000000000000000000,116886,"2021-01-04 00:00:00"
1192908,10,100.000000000000000000,159775,"2021-01-08 19:32:30"
1192919,10,1000.000000000000000000,153405,"2021-01-04 00:00:00"
1192943,10,100.000000000000000000,100480,"2021-01-04 00:00:00"
1192944,10,700.000000000000000000,153405,"2021-01-04 00:00:00"
1192962,10,500.000000000000000000,84171,"2021-01-04 00:00:00"
1192997,10,600.000000000000000000,66085,"2021-01-04 00:00:00"
1193281,10,600.000000000000000000,113946,"2021-01-04 00:00:00"
1193306,10,12800.000000000000000000,12431,"2021-01-01 00:00:30"
1193307,10,300.000000000000000000,96306,"2021-01-04 00:00:00"
1193364,10,1000.000000000000000000,38058,"2021-01-04 00:00:00"
1193393,10,1000.000000000000000000,124290,"2021-01-05 17:39:45"
1193488,10,200.000000000000000000,97417,"2021-01-04 00:00:00"
1193491,10,300.000000000000000000,9573,"2021-01-04 00:00:00"
1193493,10,1000.000000000000000000,14789,"2021-01-04 00:00:00"
1193504,10,1640.000000000000000000,77256,"2021-01-04 00:00:00"
1193509,10,100.000000000000000000,10405,"2021-01-08 10:28:54"
1193557,10,300.000000000000000000,22,"2021-01-04 00:00:00"
1193594,10,100.000000000000000000,13588,"2021-01-04 00:00:00"
1193646,10,1000.000000000000000000,158243,"2021-01-14 15:31:44"
1193686,10,1000.000000000000000000,111864,"2021-01-04 00:00:00"
1193712,10,800.000000000000000000,70985,"2021-01-04 00:00:00"
1193713,10,350.000000000000000000,101653,"2021-01-04 00:00:00"
1193714,10,300.000000000000000000,112578,"2021-01-01 00:11:09"
1193730,10,100.000000000000000000,85763,"2021-01-07 00:00:00"
1193737,10,765.000000000000000000,6540,"2021-03-09 14:04:44"
1193785,10,1000.000000000000000000,144612,"2021-01-04 00:00:00"
1193850,10,2000.000000000000000000,117044,"2021-01-04 00:00:00"
1193851,10,3000.000000000000000000,51960,"2021-01-04 00:00:00"
1193951,10,100.000000000000000000,42480,"2021-01-04 00:00:00"
1193968,10,500.000000000000000000,67942,"2021-01-04 00:00:00"
1194065,10,100.000000000000000000,142392,"2021-01-04 00:00:00"
1194072,10,500.000000000000000000,64990,"2021-01-04 00:00:00"
1194082,10,100.000000000000000000,149132,"2021-01-04 00:00:00"
1194120,10,202.000000000000000000,144896,"2021-01-04 00:00:00"
1194168,10,300.000000000000000000,108493,"2021-01-04 00:00:00"
1194248,10,100.000000000000000000,19979,"2021-01-04 00:00:00"
1194279,10,400.000000000000000000,110553,"2021-01-04 00:00:00"
1194281,10,100.000000000000000000,19979,"2021-01-04 00:00:00"
1194297,10,130.000000000000000000,144087,"2021-01-04 00:00:00"
1194329,10,100.000000000000000000,19979,"2021-01-04 00:00:00"
1194513,10,120.000000000000000000,101586,"2021-01-14 13:30:41"
1194522,10,125.000000000000000000,133044,"2021-01-04 00:00:00"
1194593,10,200.000000000000000000,99634,"2021-01-04 00:00:00"
1194601,10,2000.000000000000000000,159857,"2021-01-04 00:00:00"
1194676,10,200.000000000000000000,90943,"2021-01-04 00:00:00"
1194743,10,2000.000000000000000000,14852,"2021-01-04 00:00:00"
1194806,10,100.000000000000000000,154582,"2021-01-19 19:35:16"
1194811,10,170.000000000000000000,49486,"2021-01-04 00:00:00"
1194841,10,1000.000000000000000000,153466,"2021-01-04 00:00:00"
1194884,10,150.000000000000000000,38562,"2021-01-04 00:00:00"
1194893,10,150.000000000000000000,38562,"2021-01-04 00:00:00"
1195014,10,600.000000000000000000,113827,"2021-01-04 00:00:00"
1195052,10,100.000000000000000000,64471,"2021-01-04 00:00:00"
1195063,10,430.000000000000000000,26078,"2021-01-04 00:00:00"
1195119,10,640.000000000000000000,13650,"2021-01-04 00:00:00"
1195167,10,230.000000000000000000,44269,"2021-01-04 00:00:00"
1195191,20,151.590000000000000000,51305,"2021-01-11 11:59:51"
1195204,10,217.500000000000000000,91254,"2021-01-04 00:00:00"
1195219,10,200.000000000000000000,135431,"2021-01-04 00:00:00"
1195243,10,260.000000000000000000,140585,"2021-01-04 00:00:00"
1195260,10,1100.000000000000000000,46527,"2021-01-04 00:00:00"
1195263,10,1100.000000000000000000,46527,"2021-01-04 00:00:00"
1195264,10,1800.000000000000000000,112452,"2021-01-04 00:00:00"
1195266,10,2000.000000000000000000,84494,"2021-01-04 00:00:00"
1195271,10,100.000000000000000000,140585,"2021-01-04 00:00:00"
1195275,10,2000.000000000000000000,112452,"2021-01-04 00:00:00"
1195282,10,2000.000000000000000000,112452,"2021-01-04 00:00:00"
1195286,10,1000.000000000000000000,109364,"2021-01-04 00:00:00"
1195382,10,1.000000000000000000,161066,"2021-01-04 10:03:16"
1195447,10,300.000000000000000000,62187,"2021-01-04 00:00:00"
1195478,10,200.000000000000000000,58783,"2021-01-04 00:00:00"
1195564,10,200.000000000000000000,43777,"2021-01-04 00:00:00"
1195565,10,626.480000000000000000,150786,"2021-01-13 12:19:10"
1195582,10,200.000000000000000000,117372,"2021-01-04 00:00:00"
1195603,10,888.880000000000000000,118954,"2021-01-04 00:00:00"
1195604,10,3000.000000000000000000,144167,"2021-01-05 19:35:58"
1195605,10,3000.000000000000000000,144167,"2021-01-08 00:00:00"
1195612,10,200.000000000000000000,143983,"2021-01-04 00:00:00"
1195631,10,3800.000000000000000000,102520,"2021-01-04 00:00:00"
1195641,10,6000.000000000000000000,137644,"2021-01-04 00:00:00"
1195683,10,5000.000000000000000000,33780,"2021-01-04 00:00:00"
1195690,10,100.000000000000000000,139843,"2021-01-04 00:00:00"
1195695,10,100.000000000000000000,139843,"2021-01-04 00:00:00"
1195697,10,100.000000000000000000,139843,"2021-01-04 00:00:00"
1195700,10,5500.000000000000000000,36361,"2021-01-04 00:00:00"
1195703,10,497.500000000000000000,41737,"2021-01-08 19:30:22"
1195725,10,107.000000000000000000,44760,"2021-01-04 00:00:00"
1195792,10,1000.000000000000000000,24488,"2021-01-04 00:00:00"
1195793,10,300.000000000000000000,125066,"2021-01-04 00:00:00"
1195794,10,10000.000000000000000000,160677,"2021-01-04 17:52:21"
1195798,10,400.000000000000000000,125066,"2021-01-04 00:00:00"
1195801,10,1200.000000000000000000,112422,"2021-01-04 00:00:00"
1195803,10,4000.000000000000000000,125066,"2021-01-04 00:00:00"
1195804,10,100.000000000000000000,16655,"2021-01-01 00:04:16"
1195808,10,1000.000000000000000000,161152,"2021-01-05 10:51:07"
1195809,10,1306.000000000000000000,27440,"2021-01-04 11:07:39"
1195819,10,2000.000000000000000000,101219,"2021-01-04 00:00:00"
1195831,10,100.000000000000000000,119027,"2021-01-04 00:00:00"
1195836,10,200.000000000000000000,119027,"2021-01-04 00:00:00"
1195862,10,4800.000000000000000000,136658,"2021-01-04 00:00:00"
1195863,10,150.000000000000000000,43593,"2021-01-04 00:00:00"
1195876,10,5000.000000000000000000,136658,"2021-01-04 00:00:00"
1195892,10,120.000000000000000000,149806,"2021-01-04 00:00:00"
1195900,10,450.000000000000000000,131199,"2021-01-04 00:00:00"
1195989,10,1000.000000000000000000,66756,"2021-01-01 00:13:20"
1195996,10,1000.000000000000000000,66756,"2021-01-04 00:00:00"
1196032,10,600.000000000000000000,39406,"2021-01-04 00:00:00"
1196042,10,1000.000000000000000000,63686,"2021-01-04 00:00:00"
1196079,20,558.740000000000000000,51305,"2021-01-07 11:59:53"
1196151,10,3000.000000000000000000,40665,"2021-01-04 00:00:00"
1196155,10,1400.000000000000000000,65433,"2021-01-04 00:00:00"
1196166,10,2900.000000000000000000,40665,"2021-01-04 00:00:00"
1196167,10,600.000000000000000000,119307,"2021-01-04 00:00:00"
1196179,10,200.000000000000000000,119307,"2021-01-04 00:00:00"
1196318,10,500.000000000000000000,83413,"2021-01-04 00:00:00"
1196322,10,1000.000000000000000000,158827,"2021-01-06 14:47:44"
1196338,10,100.000000000000000000,43306,"2021-01-04 00:00:00"
1196345,10,150.000000000000000000,148009,"2021-01-11 00:00:00"
1196346,10,100.000000000000000000,43306,"2021-01-04 00:00:00"
1196363,10,400.000000000000000000,66799,"2021-01-04 00:00:00"
1196429,10,500.000000000000000000,134662,"2021-01-11 00:00:00"
1196437,10,2000.000000000000000000,121939,"2021-01-04 00:00:00"
1196453,10,500.000000000000000000,134662,"2021-01-04 00:00:00"
1196459,10,200.000000000000000000,134662,"2021-01-04 00:00:00"
1196483,10,300.000000000000000000,125066,"2021-01-04 00:00:00"
1196500,10,20.000000000000000000,148009,"2021-01-07 21:02:49"
1196506,10,150.000000000000000000,111936,"2021-01-07 00:00:00"
1196511,10,100.000000000000000000,102812,"2021-01-04 00:00:00"
1196517,20,140000.000000000000000000,125962,"2021-01-04 11:59:50"
1196523,10,5000.000000000000000000,122017,"2021-01-04 00:00:00"
1196525,10,150.000000000000000000,111936,"2021-01-07 00:00:00"
1196526,10,200.000000000000000000,161132,"2021-03-09 10:04:20"
1196580,10,400.000000000000000000,28869,"2021-01-04 00:00:00"
1196631,10,200.000000000000000000,80035,"2021-01-07 00:00:00"
1196695,10,1000.000000000000000000,57784,"2021-01-04 00:00:00"
1196712,10,400.000000000000000000,156396,"2021-01-04 00:00:00"
1196720,10,300.000000000000000000,124946,"2021-01-01 00:12:29"
1196726,10,200.000000000000000000,60322,"2021-01-04 00:00:00"
1196737,10,200.000000000000000000,124946,"2021-01-04 00:00:00"
1196743,10,200.000000000000000000,112727,"2021-01-04 00:00:00"
1196755,10,300.000000000000000000,112727,"2021-01-04 00:00:00"
1196787,10,300.000000000000000000,61948,"2021-01-01 00:15:22"
1196826,10,500.000000000000000000,112727,"2021-01-01 00:15:37"
1196832,10,3252.820000000000000000,135579,"2021-01-07 21:14:34"
1196908,10,1000.000000000000000000,70238,"2021-01-04 00:00:00"
1197000,10,150.000000000000000000,48754,"2021-01-04 00:00:00"
1197025,10,2000.000000000000000000,153214,"2021-01-04 00:00:00"
1197030,10,1000.000000000000000000,59,"2021-01-04 00:00:00"
1197058,10,1100.000000000000000000,59,"2021-01-04 00:00:00"
1197093,10,1053.000000000000000000,143581,"2021-01-04 00:00:00"
1197139,10,1000.000000000000000000,57784,"2021-01-04 00:00:00"
1197190,10,200.000000000000000000,81886,"2021-01-04 00:00:00"
1197215,10,200.000000000000000000,123033,"2021-01-04 00:00:00"
1197236,10,1000.000000000000000000,55734,"2021-01-04 00:00:00"
1197361,10,1000.000000000000000000,41545,"2021-01-04 00:00:00"
1197389,10,6000.000000000000000000,39685,"2021-01-01 00:05:36"
1197472,10,700.000000000000000000,155237,"2021-01-06 16:33:45"
1197485,10,3000.000000000000000000,145308,"2021-01-01 00:09:08"
1197500,10,1000.000000000000000000,13649,"2021-01-04 00:00:00"
1197518,10,1500.000000000000000000,132747,"2021-01-04 00:00:00"
1197548,10,580.000000000000000000,43878,"2021-01-01 00:15:01"
1197561,10,125.000000000000000000,140190,"2021-01-04 00:00:00"
1197566,10,100.000000000000000000,127283,"2021-01-04 00:00:00"
1197615,10,19000.000000000000000000,81725,"2021-01-04 00:00:00"
1197634,10,5000.000000000000000000,3803,"2021-01-04 00:00:00"
1197689,10,2000.000000000000000000,42584,"2021-01-01 00:06:35"
1197717,10,100.000000000000000000,87365,"2021-01-04 00:00:00"
1197752,10,440.000000000000000000,160226,"2021-01-04 00:00:00"
1197758,10,200.000000000000000000,138612,"2021-01-04 00:00:00"
1197778,10,5000.000000000000000000,143023,"2021-01-01 00:15:43"
1197840,10,1500.000000000000000000,143023,"2021-01-04 00:00:00"
1197847,10,500.000000000000000000,84011,"2021-01-04 00:00:00"
1197929,10,1500.000000000000000000,76169,"2021-01-04 00:00:00"
1197936,10,10000.000000000000000000,6861,"2021-01-04 00:00:00"
1197956,10,1000.000000000000000000,151939,"2021-01-06 15:18:00"
1197986,10,1000.000000000000000000,114691,"2021-01-04 00:00:00"
1197994,10,1056.000000000000000000,6861,"2021-01-04 00:00:00"
1198042,10,1000.000000000000000000,131568,"2021-01-04 00:00:00"
1198045,10,1500.000000000000000000,103220,"2021-01-04 00:00:00"
1198069,10,1600.000000000000000000,118788,"2021-01-04 00:00:00"
1198119,10,300.000000000000000000,106709,"2021-01-04 00:00:00"
1198135,10,1000.000000000000000000,46944,"2021-01-04 00:00:00"
1198139,10,3000.000000000000000000,72400,"2021-01-11 00:00:00"
1198190,20,150.000000000000000000,151548,"2021-01-04 12:10:03"
1198199,20,20.000000000000000000,66242,"2021-01-04 12:12:37"
1198252,10,1400.000000000000000000,151139,"2021-01-04 00:00:00"
1198267,10,1000.000000000000000000,159707,"2021-01-05 11:30:36"
1198281,20,950.000000000000000000,104581,"2021-01-04 12:07:05"
1198284,10,600.000000000000000000,146423,"2021-01-04 00:00:00"
1198295,10,300.000000000000000000,116255,"2021-01-01 00:04:00"
1198298,10,150000.000000000000000000,155643,"2021-01-04 16:09:22"
1198303,10,200.000000000000000000,65206,"2021-01-04 00:00:00"
1198334,20,112.540000000000000000,105373,"2021-01-04 12:10:03"
1198339,10,1000.000000000000000000,31974,"2021-01-04 00:00:00"
1198347,20,1700.000000000000000000,146579,"2021-01-04 12:06:18"
1198351,20,2500.000000000000000000,84289,"2021-01-04 12:05:48"
1198365,20,1500.000000000000000000,139550,"2021-01-04 12:06:18"
1198369,10,730.000000000000000000,115808,"2021-01-04 00:00:00"
1198377,10,1500.000000000000000000,2988,"2021-01-04 00:00:00"
1198402,10,50.000000000000000000,95724,"2021-01-01 00:02:08"
1198418,10,1000.000000000000000000,89129,"2021-01-04 00:00:00"
1198438,10,300.000000000000000000,136159,"2021-01-04 00:00:00"
1198568,10,2000.000000000000000000,132873,"2021-01-04 00:00:00"
1198575,10,200.000000000000000000,40060,"2021-01-04 00:00:00"
1198591,10,1000.000000000000000000,108562,"2021-01-04 00:00:00"
1198606,10,300.000000000000000000,143737,"2021-01-04 00:00:00"
1198636,10,173.000000000000000000,49710,"2021-01-04 00:00:00"
1198663,10,1955.950000000000000000,66303,"2021-01-04 00:00:00"
1198701,20,3000.000000000000000000,74794,"2021-01-04 12:05:47"
1198704,20,9754.380000000000000000,109702,"2021-01-04 12:05:17"
1198711,10,500.000000000000000000,96506,"2021-01-04 00:00:00"
1198716,10,180.000000000000000000,115808,"2021-01-04 00:00:00"
1198730,20,7013.320000000000000000,109702,"2021-01-04 12:05:18"
1198734,10,700.000000000000000000,134662,"2021-01-04 00:00:00"
1198751,10,600.000000000000000000,86678,"2021-01-01 00:04:44"
1198759,10,150.000000000000000000,77746,"2021-01-04 00:00:00"
1198794,20,3000.000000000000000000,41123,"2021-01-04 12:05:47"
1198799,10,3000.000000000000000000,122610,"2021-01-04 00:00:00"
1198800,10,1500.000000000000000000,7155,"2021-01-04 09:37:19"
1198802,10,986.890000000000000000,12893,"2021-01-04 00:00:00"
1198808,20,2154.820719753400000000,3756,"2021-01-04 12:05:48"
1198812,10,200.000000000000000000,7155,"2021-01-04 09:48:54"
1198815,10,360.000000000000000000,7155,"2021-01-04 09:48:55"
1198824,10,100.000000000000000000,7155,"2021-01-04 09:48:56"
1198828,10,100.000000000000000000,161190,"2021-01-07 21:16:08"
1198829,10,500.000000000000000000,132447,"2021-01-01 00:15:27"
1198830,20,20000.000000000000000000,90042,"2021-01-04 12:05:17"
1198834,10,4000.000000000000000000,54389,"2021-01-01 00:11:02"
1198846,10,10000.000000000000000000,147348,"2021-01-04 00:00:00"
1198855,10,100.000000000000000000,147711,"2021-01-04 00:00:00"
1198867,10,150.000000000000000000,85867,"2021-01-04 00:00:00"
1198873,10,100.000000000000000000,161190,"2021-01-11 00:00:00"
1198877,20,751.544801056900000000,39667,"2021-01-04 12:07:05"
1198878,10,2000.000000000000000000,138207,"2021-01-01 00:02:58"
1198897,10,100.000000000000000000,158509,"2021-01-04 00:00:00"
1198961,10,827.230000000000000000,49117,"2021-01-04 00:00:00"
1198966,20,1596.940000000000000000,112886,"2021-01-04 12:06:18"
1198968,10,115.000000000000000000,127388,"2021-01-04 00:00:00"
1198979,10,300.000000000000000000,22320,"2021-01-04 00:00:00"
1198982,10,100.000000000000000000,44760,"2021-01-04 00:00:00"
1199000,20,617.530000000000000000,112886,"2021-01-04 12:07:06"
1199009,10,100.000000000000000000,117231,"2021-01-04 00:00:00"
1199022,20,500.000000000000000000,122680,"2021-01-04 12:07:06"
1199025,10,400.000000000000000000,22320,"2021-01-04 00:00:00"
1199030,10,300.000000000000000000,156620,"2021-01-04 00:00:00"
1199058,10,1500.000000000000000000,6145,"2021-01-04 00:00:00"
1199062,10,1500.000000000000000000,6145,"2021-01-04 00:00:00"
1199065,10,1837.000000000000000000,27473,"2021-01-04 00:00:00"
1199099,20,186.830000000000000000,14532,"2021-01-04 12:10:03"
1199102,20,8000.000000000000000000,2275,"2021-01-04 12:05:18"
1199114,10,300.000000000000000000,78080,"2021-01-05 18:23:55"
1199121,10,600.000000000000000000,78080,"2021-01-05 18:22:32"
1199122,10,260.000000000000000000,157423,"2021-01-04 00:00:00"
1199136,10,30000.000000000000000000,161071,"2021-01-21 18:08:36"
1199147,10,500.000000000000000000,94233,"2021-01-04 00:00:00"
1199156,10,500.000000000000000000,94233,"2021-01-04 00:00:00"
1199176,10,10000.000000000000000000,151636,"2021-01-04 00:00:00"
1199200,20,1800.000000000000000000,11212,"2021-01-04 12:06:18"
1199242,10,100.000000000000000000,160459,"2021-01-01 00:06:29"
1199251,10,1000.000000000000000000,143672,"2021-01-01 00:10:19"
1199252,10,1500.000000000000000000,153787,"2021-01-07 21:07:54"
1199254,10,4000.000000000000000000,139072,"2021-01-04 00:00:00"
1199265,20,4506.000000000000000000,66228,"2021-01-04 12:05:47"
1199266,20,1000.000000000000000000,123519,"2021-01-04 12:06:18"
1199275,10,1865.000000000000000000,69779,"2021-01-04 00:00:00"
1199276,20,3167.295414184000000000,138305,"2021-01-04 12:05:47"
1199281,10,450.000000000000000000,76033,"2021-01-04 00:00:00"
1199283,10,200.000000000000000000,132144,"2021-01-01 00:14:46"
1199295,10,200.000000000000000000,136323,"2021-01-01 00:02:35"
1199301,10,400.000000000000000000,1605,"2021-01-04 00:00:00"
1199302,10,15000.000000000000000000,104145,"2021-01-04 10:43:31"
1199308,10,1024.000000000000000000,157474,"2021-01-07 00:00:00"
1199357,10,5000.000000000000000000,26993,"2021-01-05 12:54:33"
1199364,10,16000.000000000000000000,46984,"2021-01-01 00:13:08"
1199367,10,1500.000000000000000000,51972,"2021-01-04 00:00:00"
1199392,10,100.000000000000000000,58114,"2021-01-04 00:00:00"
1199393,10,10000.000000000000000000,69779,"2021-01-08 10:37:45"
1199395,10,200.010000000000000000,150226,"2021-01-01 00:16:20"
1199414,20,25898.104496215200000000,111566,"2021-01-04 12:05:17"
1199419,10,1000.000000000000000000,56294,"2021-01-04 00:00:00"
1199420,20,332.050000000000000000,136083,"2021-01-04 12:08:48"
1199429,20,30813.546564234800000000,111566,"2021-01-04 12:05:17"
1199440,10,1200.000000000000000000,137591,"2021-01-04 00:00:00"
1199458,10,1000.000000000000000000,161246,"2021-01-04 00:00:00"
1199475,10,900.000000000000000000,124396,"2021-01-04 00:00:00"
1199476,10,100.000000000000000000,114764,"2021-01-04 00:00:00"
1199486,10,900.000000000000000000,124396,"2021-01-04 00:00:00"
1199493,10,600.000000000000000000,136358,"2021-01-04 00:00:00"
1199498,10,500.000000000000000000,114764,"2021-01-04 00:00:00"
1199499,10,500.000000000000000000,17403,"2021-01-04 10:05:18"
1199522,10,300.000000000000000000,114764,"2021-01-04 00:00:00"
1199590,20,4800.000000000000000000,75103,"2021-01-04 12:05:47"
1199616,10,100.000000000000000000,137916,"2021-01-04 00:00:00"
1199632,20,17000.000000000000000000,138282,"2021-01-04 12:05:17"
1199654,10,400.000000000000000000,137585,"2021-01-04 00:00:00"
1199723,10,150.000000000000000000,160550,"2021-01-04 00:00:00"
1199728,10,1000.000000000000000000,22512,"2021-01-15 14:53:06"
1199731,20,700.000000000000000000,52836,"2021-01-04 12:07:05"
1199752,10,1200.000000000000000000,56919,"2021-01-04 00:00:00"
1199784,10,100.000000000000000000,44234,"2021-01-04 00:00:00"
1199797,10,200.000000000000000000,22363,"2021-01-07 19:15:26"
1199801,20,37.530000000000000000,73655,"2021-01-04 12:12:37"
1199823,10,50.000000000000000000,148881,"2021-01-01 00:05:41"
1199842,10,1000.000000000000000000,114764,"2021-01-04 00:00:00"
1199858,10,600.000000000000000000,77531,"2021-01-04 00:00:00"
1199880,10,1000.000000000000000000,148125,"2021-01-04 00:00:00"
1199881,10,1555.550000000000000000,156159,"2021-01-07 00:00:00"
1199885,10,300.000000000000000000,49869,"2021-01-04 00:00:00"
1199907,10,500.000000000000000000,67689,"2021-01-04 00:00:00"
1199924,10,680.000000000000000000,81361,"2021-01-04 00:00:00"
1199942,20,2500.000000000000000000,53350,"2021-01-04 12:05:48"
1199943,20,200.000000000000000000,140321,"2021-01-04 12:08:48"
1199956,20,600.000000000000000000,53350,"2021-01-04 12:07:06"
1199969,20,254.130000000000000000,156399,"2021-01-04 12:08:48"
1200002,20,3500.000000000000000000,140585,"2021-01-04 12:05:47"
1200008,20,65.000000000000000000,60981,"2021-01-04 12:12:37"
1200009,10,600.000000000000000000,106394,"2021-01-04 00:00:00"
1200016,10,1800.000000000000000000,80401,"2021-01-04 00:00:00"
1200025,10,2000.000000000000000000,101520,"2021-01-04 00:00:00"
1200028,10,100.000000000000000000,94487,"2021-01-04 00:00:00"
1200034,10,20000.000000000000000000,117985,"2021-01-01 00:01:33"
1200035,10,60.000000000000000000,161264,"2021-01-01 00:06:59"
1200040,10,100.000000000000000000,161264,"2021-01-04 00:00:00"
1200041,20,114.943134947400000000,109099,"2021-01-04 12:10:03"
1200046,10,300.000000000000000000,76294,"2021-01-04 00:00:00"
1200054,10,200.000000000000000000,161180,"2021-01-07 21:02:22"
1200056,10,100.000000000000000000,20257,"2021-01-04 00:00:00"
1200057,20,6500.000000000000000000,115281,"2021-01-04 12:05:18"
1200067,10,100.000000000000000000,5164,"2021-01-04 00:00:00"
1200073,10,700.000000000000000000,37954,"2021-01-04 00:00:00"
1200074,10,1100.000000000000000000,103220,"2021-01-07 00:00:00"
1200077,20,5000.000000000000000000,14180,"2021-01-04 12:05:18"
1200078,10,165.000000000000000000,138501,"2021-01-04 00:00:00"
1200088,10,100.000000000000000000,141593,"2021-01-19 11:02:41"
1200092,10,767.040000000000000000,69053,"2021-01-04 00:00:00"
1200096,10,1000.000000000000000000,148581,"2021-01-01 00:11:49"
1200101,10,200.000000000000000000,160247,"2021-01-04 00:00:00"
1200102,10,350.000000000000000000,3284,"2021-01-04 00:00:00"
1200104,20,1000.000000000000000000,145607,"2021-01-04 12:06:18"
1200119,10,200.000000000000000000,136817,"2021-01-04 00:00:00"
1200120,20,1.190000000000000000,22772,"2021-01-04 12:12:37"
1200123,20,215.930000000000000000,26290,"2021-01-04 12:08:48"
1200126,10,2458.720000000000000000,40100,"2021-01-01 00:11:14"
1200128,10,300.000000000000000000,93579,"2021-01-05 10:26:44"
1200135,10,1000.000000000000000000,139072,"2021-01-01 00:11:36"
1200138,20,38.825494180300000000,122758,"2021-01-04 12:12:37"
1200146,20,2.000000000000000000,34470,"2021-01-04 12:12:37"
1200156,10,1000.000000000000000000,139415,"2021-01-05 21:15:25"
1200157,20,2000.000000000000000000,151459,"2021-01-04 12:05:48"
1200158,20,200.000000000000000000,145424,"2021-01-04 12:08:48"
1200161,20,6312.140000000000000000,136931,"2021-01-04 12:05:18"
1200163,20,320.000000000000000000,138945,"2021-01-04 12:08:48"
1200166,10,5000.000000000000000000,109398,"2021-01-04 00:00:00"
1200167,10,600.000000000000000000,138945,"2021-01-11 00:00:00"
1200168,10,1000.000000000000000000,109398,"2021-01-04 00:00:00"
1200169,20,20000.000000000000000000,32946,"2021-01-04 12:05:17"
1200170,10,800.000000000000000000,109398,"2021-01-04 00:00:00"
1200176,20,503.170000000000000000,45892,"2021-01-04 12:07:06"
1200177,10,400.000000000000000000,39156,"2021-01-07 00:00:00"
1200178,20,10642.030000000000000000,16467,"2021-01-04 12:05:17"
1200187,10,220.000000000000000000,45036,"2021-01-04 00:00:00"
1200190,10,222.000000000000000000,66675,"2021-01-04 00:00:00"
1200194,10,400.000000000000000000,34647,"2021-01-05 21:02:30"
1200195,20,200.000000000000000000,143395,"2021-01-04 12:08:48"
1200203,10,1000.000000000000000000,51960,"2021-01-07 00:00:00"
1200204,10,150.000000000000000000,155416,"2021-01-08 00:00:00"
1200208,10,5000.000000000000000000,65040,"2021-01-07 00:00:00"
1200209,10,100.000000000000000000,137314,"2021-01-04 00:00:00"
1200210,10,1000.000000000000000000,65040,"2021-01-05 21:24:26"
1200212,20,4537.838107156600000000,83326,"2021-01-04 12:05:47"
1200216,10,8500.000000000000000000,80464,"2021-01-07 00:00:00"
1200228,20,98.040000000000000000,151142,"2021-01-04 12:10:04"
1200243,20,604.010000000000000000,8054,"2021-01-04 12:07:06"
1200246,10,1000.000000000000000000,138955,"2021-01-05 09:48:03"
1200264,10,250.000000000000000000,127759,"2021-01-04 17:56:52"
1200266,10,120.610000000000000000,29453,"2021-01-04 11:05:10"
1200267,10,1300.000000000000000000,29453,"2021-01-04 11:07:03"
1200268,10,1300.000000000000000000,29453,"2021-01-04 17:33:18"
1200275,20,1788.140000000000000000,47256,"2021-01-04 12:06:18"
1200454,20,3511.637945593100000000,133531,"2021-01-04 12:05:47"
1200463,10,350.000000000000000000,122760,"2021-01-07 00:00:00"
1200502,20,1211.720000000000000000,35529,"2021-01-07 11:59:56"
1200505,20,5000.000000000000000000,117572,"2021-01-04 12:05:18"
1200548,10,2000.000000000000000000,153214,"2021-01-07 00:00:00"
1200554,10,5000.000000000000000000,108640,"2021-01-07 00:00:00"
1200557,10,200.000000000000000000,99090,"2021-01-07 00:00:00"
1200561,10,400.000000000000000000,17687,"2021-01-04 09:48:21"
1200569,20,470.250000000000000000,7138,"2021-01-04 12:08:48"
1200600,10,600.000000000000000000,34470,"2021-01-07 00:00:00"
1200601,10,1000.000000000000000000,42780,"2021-01-07 00:00:00"
1200740,20,8.820000000000000000,106805,"2021-01-04 12:12:37"
1200746,10,1400.000000000000000000,124946,"2021-01-05 21:02:33"
1200753,10,150.000000000000000000,127398,"2021-01-07 00:00:00"
1200760,10,100.000000000000000000,27290,"2021-01-07 00:00:00"
1200785,10,500.000000000000000000,141792,"2021-01-07 00:00:00"
1200796,10,200.000000000000000000,141792,"2021-01-07 00:00:00"
1200807,10,1000.000000000000000000,138501,"2021-01-07 00:00:00"
1200826,20,800.000000000000000000,120634,"2021-01-04 12:07:05"
1200842,20,50000.000000000000000000,6358,"2021-01-04 12:05:17"
1200861,10,1000.000000000000000000,13041,"2021-01-07 00:00:00"
1200864,20,2000.000000000000000000,73599,"2021-01-04 12:05:48"
1200876,10,387.000000000000000000,137808,"2021-01-07 00:00:00"
1200888,20,500.000000000000000000,36816,"2021-01-04 11:59:56"
1200899,20,299.979700499100000000,160027,"2021-01-04 12:08:48"
1200908,10,1775.240000000000000000,75223,"2021-01-07 00:00:00"
1200919,20,200.000000000000000000,134842,"2021-01-04 12:00:02"
1200922,10,300.110000000000000000,161310,"2021-01-05 21:24:51"
1200926,20,250.000000000000000000,75223,"2021-01-04 12:08:48"
1200932,20,4541.540153929800000000,12793,"2021-01-04 12:00:03"
1200944,10,200.000000000000000000,109345,"2021-01-07 00:00:00"
1200945,20,15083.656069611200000000,144738,"2021-01-04 12:00:04"
1200950,20,400.000000000000000000,159321,"2021-01-04 12:00:04"
1200953,10,500.000000000000000000,94214,"2021-01-07 00:00:00"
1200965,20,2632.107487406800000000,19086,"2021-01-04 12:05:48"
1200968,20,10000.000000000000000000,118647,"2021-01-04 12:05:17"
1200969,10,5050.000000000000000000,3803,"2021-01-12 00:00:00"
1200980,20,28525.720000000000000000,127810,"2021-01-04 12:00:05"
1200986,10,175.000000000000000000,86408,"2021-01-07 00:00:00"
1200987,20,1366.118110122000000000,127810,"2021-01-04 12:06:18"
1200997,20,532.110619127300000000,127810,"2021-01-04 12:07:06"
1200998,20,81.846145075000000000,127810,"2021-01-04 12:12:37"
1201013,10,150.000000000000000000,43005,"2021-01-07 00:00:00"
1201014,10,100.000000000000000000,43005,"2021-01-07 00:00:00"
1201020,10,100.000000000000000000,43005,"2021-01-07 00:00:00"
1201021,20,200.000000000000000000,86710,"2021-01-04 12:08:48"
1201027,20,2219.440000000000000000,71180,"2021-01-04 12:05:48"
1201034,20,4335.970000000000000000,71180,"2021-01-04 12:05:47"
1201043,10,300.000000000000000000,114148,"2021-01-07 00:00:00"
1201046,10,100.000000000000000000,40860,"2021-01-07 00:00:00"
1201051,20,66.990000000000000000,140720,"2021-01-04 11:59:52"
1201095,10,100.000000000000000000,124396,"2021-01-07 00:00:00"
1201098,10,600.000000000000000000,110397,"2021-01-07 00:00:00"
1201112,20,159.970000000000000000,105664,"2021-01-04 12:00:07"
1201116,10,550.000000000000000000,146869,"2021-01-07 00:00:00"
1201119,10,500.000000000000000000,67127,"2021-01-07 00:00:00"
1201120,10,300.000000000000000000,142675,"2021-01-05 21:22:51"
1201121,10,2611.190000000000000000,141458,"2021-01-08 00:00:00"
1201123,10,1000.000000000000000000,84034,"2021-01-12 09:45:35"
1201124,10,600.000000000000000000,141458,"2021-01-07 00:00:00"
1201125,10,300.000000000000000000,147242,"2021-01-07 00:00:00"
1201130,10,500.000000000000000000,64135,"2021-01-07 00:00:00"
1201132,10,1000.000000000000000000,64135,"2021-01-07 00:00:00"
1201133,20,3000.871453261400000000,59842,"2021-01-04 12:00:09"
1201147,10,1500.000000000000000000,74185,"2021-01-04 11:56:04"
1201150,10,8000.000000000000000000,10369,"2021-01-04 11:06:13"
1201164,10,1500.000000000000000000,40918,"2021-01-04 09:59:07"
1201165,10,50000.000000000000000000,155271,"2021-01-04 09:40:06"
1201170,20,319.570000000000000000,58965,"2021-01-08 12:01:10"
1201175,20,100.000000000000000000,85070,"2021-01-04 12:10:04"
1201177,10,400.000000000000000000,139416,"2021-01-07 00:00:00"
1201178,10,1000.000000000000000000,161263,"2021-01-07 00:00:00"
1201187,20,500.000000000000000000,43234,"2021-01-04 12:07:06"
1201189,10,33000.000000000000000000,122261,"2021-01-04 09:41:52"
1201192,20,1053.361168765800000000,56210,"2021-01-04 12:06:18"
1201209,20,171.487973543800000000,115284,"2021-01-04 12:10:03"
1201210,20,1000.000000000000000000,25280,"2021-01-04 12:06:18"
1201213,20,330.261826685700000000,115284,"2021-01-04 12:00:11"
1201216,10,4250.000000000000000000,133892,"2021-01-12 00:00:00"
1201217,10,400.000000000000000000,100084,"2021-01-07 00:00:00"
1201222,20,3096.190453689600000000,23993,"2021-01-04 12:00:11"
1201225,20,1178.850000000000000000,101923,"2021-01-04 12:00:12"
1201227,10,270.000000000000000000,91524,"2021-01-04 10:47:06"
1201239,10,6000.000000000000000000,26574,"2021-01-04 10:13:13"
1201240,10,3000.000000000000000000,1858,"2021-01-07 00:00:00"
1201250,10,100.000000000000000000,36808,"2021-01-07 00:00:00"
1201251,20,10000.000000000000000000,74017,"2021-01-04 12:00:13"
1201252,10,10.000000000000000000,44234,"2021-01-04 10:01:14"
1201255,20,1169.000000000000000000,10251,"2021-01-04 12:00:15"
1201256,10,300.000000000000000000,131653,"2021-01-05 21:21:39"
1201259,10,100.000000000000000000,119964,"2021-01-05 21:24:41"
1201260,10,300.000000000000000000,131653,"2021-01-07 00:00:00"
1201268,20,134.910000000000000000,158062,"2021-01-04 12:00:16"
1201270,10,500.000000000000000000,125315,"2021-01-04 10:01:45"
1201274,20,300.000000000000000000,126574,"2021-01-04 12:08:48"
1201275,10,3100.000000000000000000,98066,"2021-01-04 09:36:15"
1201278,20,16.280000000000000000,48202,"2021-01-04 12:00:17"
1201279,10,360.000000000000000000,11986,"2021-01-04 10:22:57"
1201282,10,2000.000000000000000000,50285,"2021-01-04 09:32:08"
1201285,10,394.000000000000000000,18647,"2021-01-07 00:00:00"
1201286,10,1840.000000000000000000,106995,"2021-01-07 00:00:00"
1201292,10,500.000000000000000000,137033,"2021-01-07 00:00:00"
1201294,20,234.290000000000000000,91997,"2021-01-04 11:59:55"
1201297,20,250.000000000000000000,54321,"2021-01-04 12:00:19"
1201298,20,300.000000000000000000,113626,"2021-01-04 12:08:48"
1201299,10,2000.000000000000000000,32319,"2021-01-04 10:31:58"
1201301,10,1000.000000000000000000,61122,"2021-01-05 21:20:31"
1201302,20,1500.000000000000000000,124691,"2021-01-04 12:06:18"
1201310,20,2000.000000000000000000,23302,"2021-01-04 12:05:48"
1201315,20,1700.000000000000000000,3140,"2021-01-04 12:06:18"
1201316,10,4000.000000000000000000,115872,"2021-01-08 15:17:40"
1201320,10,100.000000000000000000,121573,"2021-01-12 00:00:00"
1201321,10,200.000000000000000000,141977,"2021-01-04 09:39:14"
1201324,10,60.000000000000000000,121573,"2021-01-08 21:14:56"
1201327,10,500.000000000000000000,38216,"2021-01-05 21:07:13"
1201328,20,200.000000000000000000,78627,"2021-01-04 12:00:20"
1201333,10,196.000000000000000000,19288,"2021-01-04 09:59:12"
1201338,10,1000.000000000000000000,160075,"2021-01-07 00:00:00"
1201339,10,400.000000000000000000,122730,"2021-01-04 11:08:07"
1201340,20,475.190000000000000000,35529,"2021-01-11 11:59:53"
1201342,10,600.000000000000000000,152679,"2021-01-04 09:32:01"
1201344,10,125.000000000000000000,88039,"2021-01-07 00:00:00"
1201345,10,2000.000000000000000000,161334,"2021-01-04 09:58:58"
1201346,10,250.000000000000000000,122730,"2021-01-04 10:14:03"
1201348,10,350.000000000000000000,122730,"2021-01-04 09:37:55"
1201349,10,150.000000000000000000,122730,"2021-01-04 09:42:39"
1201357,20,430.000000000000000000,73248,"2021-01-04 12:08:48"
1201358,10,500.000000000000000000,114890,"2021-01-04 09:39:51"
1201359,10,201.860000000000000000,110853,"2021-01-07 00:00:00"
1201361,10,654.640000000000000000,90812,"2021-01-04 10:09:06"
1201364,10,1200.000000000000000000,46923,"2021-01-04 10:14:55"
1201369,20,22.660000000000000000,87035,"2021-01-04 12:12:37"
1201371,10,1216.540000000000000000,19306,"2021-01-04 09:31:45"
1201372,10,570.000000000000000000,100213,"2021-01-12 00:00:00"
1201379,10,30000.000000000000000000,111706,"2021-01-07 00:00:00"
1201383,10,450.000000000000000000,100213,"2021-01-07 21:02:16"
1201388,10,200.000000000000000000,131344,"2021-01-05 21:02:59"
1201389,20,1100.000000000000000000,105102,"2021-01-04 12:06:18"
1201390,10,600.000000000000000000,42731,"2021-01-07 00:00:00"
1201397,10,300.000000000000000000,40590,"2021-01-07 00:00:00"
1201398,10,300.000000000000000000,40590,"2021-01-07 00:00:00"
1201399,10,1400.000000000000000000,124294,"2021-01-05 21:30:42"
1201400,20,19.140000000000000000,65312,"2021-01-04 12:12:37"
1201401,10,60.000000000000000000,153334,"2021-01-05 21:22:27"
1201402,20,652.320000000000000000,65312,"2021-01-04 12:07:05"
1201403,10,1500.000000000000000000,108455,"2021-01-04 10:33:17"
1201406,10,200.000000000000000000,145764,"2021-01-07 00:00:00"
1201409,20,1000.019185598000000000,150579,"2021-01-04 12:00:22"
1201411,20,1500.000000000000000000,82020,"2021-01-04 12:06:18"
1201412,10,1000.000000000000000000,55811,"2021-01-04 10:13:18"
1201414,10,300.000000000000000000,153462,"2021-01-07 00:00:00"
1201415,10,405.000000000000000000,132505,"2021-01-04 09:39:10"
1201416,10,20.000000000000000000,13552,"2021-01-07 21:05:00"
1201417,10,3000.000000000000000000,20918,"2021-01-04 11:56:04"
1201425,10,1500.000000000000000000,91148,"2021-01-04 10:16:44"
1201426,20,2.748988515000000000,64077,"2021-01-04 12:12:37"
1201438,20,600.000000000000000000,102550,"2021-01-04 12:07:06"
1201439,20,500.000000000000000000,66983,"2021-01-04 12:07:06"
1201442,10,60000.000000000000000000,82862,"2021-01-04 11:03:22"
1201443,20,309.130000000000000000,92042,"2021-01-04 12:08:48"
1201444,10,150.000000000000000000,134492,"2021-01-07 00:00:00"
1201446,20,436.750000000000000000,92042,"2021-01-04 12:08:48"
1201447,20,1471.180000000000000000,92042,"2021-01-04 12:06:18"
1201552,10,3760.000000000000000000,114672,"2021-01-07 00:00:00"
1201561,10,750.000000000000000000,11058,"2021-01-07 00:00:00"
1201562,10,15000.000000000000000000,75313,"2021-01-04 11:08:44"
1201569,10,150.000000000000000000,66790,"2021-01-04 10:23:11"
1201573,20,1026.740000000000000000,87844,"2021-01-04 12:06:18"
1201574,10,100.000000000000000000,123578,"2021-01-07 00:00:00"
1201576,20,36.420000000000000000,120428,"2021-01-04 12:12:37"
1201577,10,2000.000000000000000000,108319,"2021-01-04 10:05:18"
1201578,20,100.084270970000000000,150146,"2021-01-04 12:00:24"
1201592,10,1.000000000000000000,161354,"2021-01-04 09:49:59"
1201595,10,475.000000000000000000,14241,"2021-01-07 00:00:00"
1201601,10,1900.000000000000000000,73499,"2021-01-04 09:44:29"
1201605,10,2000.000000000000000000,64617,"2021-01-04 09:31:27"
1201606,10,500.000000000000000000,64370,"2021-01-15 19:38:33"
1201608,10,1000.000000000000000000,140717,"2021-01-07 00:00:00"
1201609,10,600.000000000000000000,140717,"2021-01-05 21:13:36"
1201613,10,600.000000000000000000,77928,"2021-01-04 09:39:30"
1201619,10,300.000000000000000000,102442,"2021-01-08 16:31:57"
1201620,10,200.000000000000000000,158516,"2021-01-05 21:31:42"
1201621,10,100.000000000000000000,158516,"2021-01-07 00:00:00"
1201622,10,500.000000000000000000,2088,"2021-01-05 21:02:15"
1201626,10,2595.510000000000000000,2027,"2021-01-04 10:09:54"
1201627,20,832.604769315000000000,82827,"2021-01-04 12:07:05"
1201636,10,100.000000000000000000,7159,"2021-01-07 00:00:00"
1201639,10,200.000000000000000000,7159,"2021-01-07 00:00:00"
1201642,10,300.000000000000000000,7159,"2021-01-07 00:00:00"
1201643,10,650.000000000000000000,41925,"2021-01-04 10:08:42"
1201644,10,2000.000000000000000000,143105,"2021-01-07 00:00:00"
1201649,10,600.000000000000000000,62739,"2021-01-04 09:57:32"
1201653,10,2500.000000000000000000,1469,"2021-01-04 10:07:00"
1201654,20,8000.000000000000000000,134436,"2021-01-04 12:05:18"
1201656,20,2000.000000000000000000,141095,"2021-01-04 12:05:48"
1201657,10,10000.000000000000000000,91205,"2021-01-04 12:53:29"
1201658,20,200.000000000000000000,91997,"2021-01-04 12:00:25"
1201661,10,1500.000000000000000000,22146,"2021-01-07 00:00:00"
1201663,10,800.000000000000000000,97495,"2021-01-07 00:00:00"
1201665,10,1000.000000000000000000,161363,"2021-01-04 10:25:06"
1201666,10,200.000000000000000000,10215,"2021-01-07 00:00:00"
1201667,20,38.850197150100000000,8223,"2021-01-04 12:12:38"
1201668,10,300.000000000000000000,105928,"2021-01-07 00:00:00"
1201669,10,200.000000000000000000,51386,"2021-01-04 19:06:07"
1201670,10,500.000000000000000000,78957,"2021-01-04 10:18:17"
1201675,10,50.000000000000000000,161365,"2021-01-05 21:06:24"
1201676,10,100.000000000000000000,14461,"2021-01-07 00:00:00"
1201680,10,300.000000000000000000,78957,"2021-01-07 00:00:00"
1201681,10,500.000000000000000000,78957,"2021-01-07 00:00:00"
1201682,10,100.000000000000000000,161363,"2021-01-04 10:34:52"
1201683,10,100.000000000000000000,14461,"2021-01-07 00:00:00"
1201686,10,150.000000000000000000,5444,"2021-01-07 00:00:00"
1201687,10,136.700000000000000000,75020,"2021-01-04 10:01:55"
1201688,10,100.000000000000000000,75020,"2021-01-04 10:01:50"
1201694,10,1177.940000000000000000,49910,"2021-01-04 09:53:11"
1201695,10,150.000000000000000000,91776,"2021-01-07 00:00:00"
1201696,10,200.000000000000000000,21211,"2021-01-04 09:50:13"
1201697,10,500.000000000000000000,147169,"2021-01-07 00:00:00"
1201698,10,500.000000000000000000,90396,"2021-01-04 10:16:51"
1201699,20,8000.000000000000000000,145199,"2021-01-04 12:00:27"
1201700,20,2500.000000000000000000,161123,"2021-01-04 12:00:35"
1201701,10,76.000000000000000000,23498,"2021-01-05 21:19:45"
1201703,10,200.000000000000000000,146454,"2021-01-04 10:16:58"
1201707,10,200.000000000000000000,161366,"2021-01-05 21:30:55"
1201708,10,1000.000000000000000000,143382,"2021-01-04 10:17:13"
1201709,10,1000.000000000000000000,8666,"2021-01-04 09:57:52"
1201710,10,450.000000000000000000,35444,"2021-01-04 09:38:53"
1201711,10,200.000000000000000000,140979,"2021-01-04 11:01:54"
1201713,10,100.000000000000000000,48606,"2021-01-04 14:13:23"
1201714,10,100.000000000000000000,140979,"2021-01-04 11:02:09"
1201717,10,2500.000000000000000000,155081,"2021-01-04 11:03:45"
1201718,10,1000.000000000000000000,44093,"2021-01-04 09:37:08"
1201720,10,1000.000000000000000000,67503,"2021-01-07 00:00:00"
1201721,10,100.000000000000000000,107697,"2021-01-07 00:00:00"
1201722,10,100.000000000000000000,154472,"2021-01-04 10:26:14"
1201724,10,100.000000000000000000,101677,"2021-01-15 00:00:00"
1201725,10,4761.190000000000000000,13765,"2021-01-04 10:18:54"
1201726,10,500.000000000000000000,32456,"2021-01-07 00:00:00"
1201727,10,550.000000000000000000,58217,"2021-01-04 09:33:33"
1201729,20,2100.000000000000000000,11541,"2021-01-04 12:05:48"
1201735,10,200.000000000000000000,102985,"2021-01-07 00:00:00"
1201737,10,1700.000000000000000000,98287,"2021-01-07 00:00:00"
1201738,20,21.311635149800000000,11502,"2021-01-04 12:12:38"
1201747,10,100.000000000000000000,9746,"2021-01-05 21:29:23"
1201749,10,100.000000000000000000,161369,"2021-06-09 15:52:32"
1201750,10,200.000000000000000000,63448,"2021-01-04 09:33:41"
1201751,10,400.000000000000000000,101840,"2021-01-07 00:00:00"
1201752,10,500.000000000000000000,119041,"2021-01-04 09:36:15"
1201754,10,200.000000000000000000,107697,"2021-01-07 00:00:00"
1201755,10,20000.000000000000000000,1891,"2021-01-04 09:38:01"
1201756,10,1000.000000000000000000,138029,"2021-01-04 09:33:22"
1201757,10,150.000000000000000000,104483,"2021-01-07 00:00:00"
1201759,10,100.000000000000000000,104483,"2021-01-07 00:00:00"
1201761,10,1000.000000000000000000,136550,"2021-01-07 00:00:00"
1201762,10,1000.000000000000000000,28891,"2021-01-07 00:00:00"
1201765,10,4000.000000000000000000,30765,"2021-01-07 00:00:00"
1201766,10,500.000000000000000000,122800,"2021-01-04 10:12:04"
1201769,10,500.000000000000000000,109391,"2021-01-07 00:00:00"
1201781,20,70.500000000000000000,106995,"2021-01-04 12:12:38"
1201782,20,400.000000000000000000,131507,"2021-01-04 12:08:48"
1201784,10,20.000000000000000000,137770,"2021-01-05 21:22:09"
1201785,10,500.000000000000000000,158292,"2021-01-07 00:00:00"
1201786,20,255.870859795600000000,36888,"2021-01-04 12:00:37"
1201787,10,100.000000000000000000,65097,"2021-01-12 00:00:00"
1201788,10,500.000000000000000000,158292,"2021-01-05 21:08:22"
1201789,10,7673.050000000000000000,160563,"2021-01-07 00:00:00"
1201791,10,570.000000000000000000,135701,"2021-01-04 09:41:57"
1201793,10,5000.000000000000000000,58428,"2021-01-04 13:52:16"
1201794,10,894.000000000000000000,126560,"2021-01-05 21:18:15"
1201795,10,1000.000000000000000000,161375,"2021-01-04 10:02:34"
1201796,10,10000.000000000000000000,116960,"2021-01-04 11:30:18"
1201798,10,200.000000000000000000,147146,"2021-01-07 00:00:00"
1201800,20,168.221868692700000000,97344,"2021-01-04 12:10:03"
1201803,20,720.000000000000000000,118701,"2021-01-04 12:07:05"
1201804,10,1500.000000000000000000,85085,"2021-01-04 09:34:12"
1201805,10,1000.000000000000000000,85085,"2021-01-04 09:34:22"
1201806,10,500.000000000000000000,85085,"2021-01-04 09:34:40"
1201807,10,500.000000000000000000,85085,"2021-01-04 09:34:32"
1201809,20,39.096911104100000000,153368,"2021-01-04 12:00:38"
1201813,10,1245.000000000000000000,62831,"2021-01-07 00:00:00"
1201814,10,500.000000000000000000,48353,"2021-01-07 00:00:00"
1201815,10,500.000000000000000000,101671,"2021-01-04 10:17:30"
1201817,20,2500.000000000000000000,113360,"2021-01-04 12:05:48"
1201818,10,1150.000000000000000000,577,"2021-01-04 11:03:04"
1201819,10,1000.000000000000000000,120036,"2021-01-04 11:56:04"
1201820,10,125.000000000000000000,577,"2021-01-04 11:04:57"
1201821,10,180.000000000000000000,62001,"2021-01-04 12:30:09"
1201822,10,150.000000000000000000,62001,"2021-01-04 12:30:10"
1201823,10,350.000000000000000000,119027,"2021-01-07 00:00:00"
1201824,10,500.000000000000000000,112282,"2021-01-07 00:00:00"
1201825,20,70.986905680200000000,92973,"2021-01-04 12:00:39"
1201826,10,400.000000000000000000,124231,"2021-01-07 00:00:00"
1201827,10,250.000000000000000000,112282,"2021-01-07 00:00:00"
1201833,10,100.000000000000000000,91124,"2021-01-05 21:20:00"
1201834,10,500.000000000000000000,85409,"2021-01-04 10:49:54"
1201836,10,100.000000000000000000,42791,"2021-01-07 00:00:00"
1201837,20,2671.970000000000000000,3536,"2021-01-04 12:05:48"
1201839,10,700.000000000000000000,85307,"2021-01-07 00:00:00"
1201842,10,200.000000000000000000,21971,"2021-01-04 10:19:54"
1201843,20,2503.000000000000000000,108918,"2021-01-04 12:00:00"
1201846,10,100.000000000000000000,161086,"2021-01-04 11:48:39"
1201849,10,100.000000000000000000,135044,"2021-01-05 21:18:34"
1201850,10,500.000000000000000000,107834,"2021-01-04 09:55:06"
1201851,10,200.000000000000000000,140628,"2021-01-07 00:00:00"
1201853,10,100.000000000000000000,104895,"2021-01-07 00:00:00"
1201858,20,1852.960000000000000000,46552,"2021-01-04 12:06:18"
1201859,10,1000.000000000000000000,161390,"2021-01-04 13:01:43"
1201860,20,1286.910000000000000000,46552,"2021-01-04 12:06:18"
1201861,10,2950.000000000000000000,42196,"2021-01-04 11:06:00"
1201862,10,2000.000000000000000000,42196,"2021-01-04 11:02:19"
1201863,10,580.000000000000000000,113655,"2021-01-05 21:24:17"
1201868,10,500.000000000000000000,50825,"2021-01-07 00:00:00"
1201870,20,5800.752320498600000000,18092,"2021-01-04 12:00:44"
1201872,10,100.000000000000000000,41527,"2021-01-07 00:00:00"
1201875,20,2000.000000000000000000,46604,"2021-01-04 12:05:48"
1201876,10,100.000000000000000000,73726,"2021-01-04 11:56:04"
1201877,10,1560.480000000000000000,112547,"2021-01-04 10:32:35"
1201878,10,600.000000000000000000,55623,"2021-01-07 00:00:00"
1201881,10,250.000000000000000000,24820,"2021-01-04 10:14:43"
1201882,10,150.000000000000000000,32319,"2021-01-04 10:32:08"
1201883,10,175.570000000000000000,32319,"2021-01-04 10:32:03"
1201884,10,170.000000000000000000,155746,"2021-01-04 10:13:24"
1201885,10,250.000000000000000000,51478,"2021-01-04 10:48:13"
1201887,20,447.410000000000000000,111614,"2021-01-04 12:08:48"
1201888,10,450.000000000000000000,19086,"2021-01-04 09:53:00"
1201889,10,100.000000000000000000,24431,"2021-01-07 00:00:00"
1201891,20,7351.050000000000000000,37210,"2021-01-04 12:05:18"
1201894,10,100.000000000000000000,32244,"2021-01-07 00:00:00"
1201895,10,100.000000000000000000,154633,"2021-01-12 00:00:00"
1201898,10,100.000000000000000000,42888,"2021-01-08 10:22:13"
1201901,10,10000.000000000000000000,2286,"2021-01-04 10:03:41"
1201902,10,350.000000000000000000,55916,"2021-01-07 00:00:00"
1201903,10,400.000000000000000000,122325,"2021-01-06 21:00:38"
1201904,10,100.000000000000000000,122325,"2021-01-05 21:11:48"
1201905,10,300.000000000000000000,118371,"2021-01-07 00:00:00"
1201906,10,700.000000000000000000,87733,"2021-01-04 09:33:17"
1201908,10,100.000000000000000000,38428,"2021-01-07 17:45:29"
1201909,10,100.000000000000000000,24496,"2021-01-04 10:11:24"
1201910,10,20.000000000000000000,161410,"2021-01-07 21:23:05"
1201911,20,208.000000000000000000,120083,"2021-01-04 12:00:45"
1201913,10,1600.000000000000000000,105467,"2021-01-04 11:56:04"
1201916,10,100.000000000000000000,88228,"2021-01-08 00:00:00"
1201918,10,300.000000000000000000,72512,"2021-01-04 09:40:28"
1201922,10,1800.000000000000000000,16200,"2021-01-07 00:00:00"
1201924,10,6000.000000000000000000,16200,"2021-01-07 00:00:00"
1201925,20,35317.639487752900000000,3115,"2021-01-04 12:05:17"
1201926,20,62.160000000000000000,141045,"2021-01-04 12:12:38"
1201929,10,4000.000000000000000000,16200,"2021-01-07 00:00:00"
1201930,10,4500.000000000000000000,158332,"2021-01-05 21:18:09"
1201933,20,518.790000000000000000,152223,"2021-01-04 12:07:06"
1201934,20,548.330000000000000000,152223,"2021-01-04 12:07:06"
1201937,10,800.000000000000000000,85746,"2021-01-07 00:00:00"
1201942,10,850.000000000000000000,85746,"2021-01-07 00:00:00"
1201943,10,200.000000000000000000,85746,"2021-01-07 00:00:00"
1201944,20,400.000000000000000000,37423,"2021-01-04 12:08:48"
1201945,20,3200.000000000000000000,131094,"2021-01-04 12:05:47"
1201946,10,300.000000000000000000,102946,"2021-01-07 00:00:00"
1201947,10,300.000000000000000000,31445,"2021-01-04 10:11:54"
1201948,10,100.000000000000000000,60211,"2021-01-05 21:24:12"
1201951,10,5000.000000000000000000,5963,"2021-01-07 00:00:00"
1201952,10,300.000000000000000000,158351,"2021-01-05 21:01:33"
1201961,10,1000.000000000000000000,110608,"2021-01-04 09:39:20"
1201963,10,500.000000000000000000,110608,"2021-01-04 09:38:37"
1201964,20,3052.630000000000000000,20312,"2021-01-11 11:59:57"
1201970,20,600.000000000000000000,79591,"2021-01-04 12:00:47"
1201973,10,550.000000000000000000,152743,"2021-01-04 15:11:27"
1201974,10,3800.000000000000000000,88817,"2021-01-07 00:00:00"
1201975,10,1000.000000000000000000,109108,"2021-01-05 10:01:10"
